#{"t_start": 1770401560.4630423, "env_id": "CrossingEnv-v0"}
r,l,t
0.0,101,1.218699
0.0,52,1.27295
0.0,12,1.285682
0.0,73,1.36084
0.0,88,1.450827
0.0,180,1.632921
0.0,47,1.684638
0.136111,311,1.9941
0.0,19,2.01394
0.0,17,2.031526
0.0,17,2.049025
0.0,94,2.143806
0.0,29,2.17325
0.0,324,2.494251
0.0,124,2.61766
0.0,86,2.70419
0.0,88,2.791881
0.0,134,2.925415
0.0,79,3.004377
0.0,56,3.060312
0.0,13,3.073864
0.0,115,4.896129
0.0,23,4.919979
0.0,30,4.950857
0.0,35,4.98783
0.0,37,5.02577
0.0,26,5.052662
0.0,67,5.121251
0.0,28,5.150233
0.0,143,5.296589
0.0,67,5.365597
0.0,46,5.412775
0.0,106,5.521496
0.0,84,5.6069
0.0,97,5.706409
0.0,17,5.724127
0.0,264,5.99607
0.0,64,6.061442
0.0,80,6.144164
0.0,26,6.171138
0.0,46,6.220154
0.0,23,6.244728
0.0,38,6.285367
0.0,76,6.363053
0.0,324,6.695361
0.0,59,6.76246
0.0,76,6.840581
0.0,62,6.904121
0.0,134,8.72958
0.0,32,8.762497
0.0,188,8.953346
0.0,147,9.103675
0.0,89,9.193411
0.0,191,9.404121
0.0,20,9.424571
0.0,8,9.433276
0.0,324,9.759828
0.0,146,9.909118
0.0,324,10.238891
0.0,44,10.284025
0.0,7,10.292249
0.0,91,10.385062
0.0,49,10.435463
0.0,40,10.476759
0.0,38,10.516464
0.0,98,10.615438
0.0,214,12.5366
0.0,9,12.546599
0.0,114,12.662685
0.0,93,12.756957
0.0,215,12.976917
0.0,128,13.105975
0.0,85,13.191986
0.0,119,13.313082
0.0,13,13.327159
0.0,44,13.3715
0.0,193,13.566463
0.0,34,13.601209
0.0,230,13.83229
0.413889,211,14.045681
0.0,34,14.080121
0.0,308,14.407433
0.0,44,14.452435
0.0,107,14.561591
0.0,10,14.573693
0.0,235,16.538723
0.0,9,16.548509
0.0,78,16.629101
0.0,25,16.655218
0.0,22,16.678099
0.0,119,16.798585
0.0,213,17.035582
0.0,26,17.062653
0.0,11,17.074476
0.0,167,17.245639
0.0,111,17.359137
0.0,105,17.465089
0.0,172,17.64054
0.0,140,17.78262
0.0,79,17.863172
0.0,63,17.928063
0.0,38,17.96789
0.0,27,17.996457
0.0,18,18.015473
0.0,229,18.24689
0.0,102,18.349805
0.0,16,18.366711
0.0,33,18.401056
0.0,50,20.19857
0.0,6,20.205461
0.0,25,20.231267
0.0,26,20.258038
0.0,180,20.479309
0.0,23,20.515445
0.0,28,20.549872
0.0,59,20.611047
0.319444,245,20.860143
0.0,155,21.018285
0.0,22,21.041308
0.0,75,21.116889
0.0,35,21.152397
0.0,50,21.203731
0.0,37,21.243259
0.0,52,21.299529
0.0,67,21.367642
0.0,75,21.444646
0.0,10,21.455352
0.0,324,21.78456
0.0,8,21.793787
0.0,20,21.814723
0.0,60,21.877022
0.0,11,21.888686
0.0,107,22.004747
0.0,79,22.085214
0.0,32,22.11763
0.0,100,22.219357
0.0,87,22.310547
0.0,76,24.118094
0.0,67,24.185256
0.836111,59,24.245936
0.0,41,24.287518
0.511111,176,24.467188
0.394444,218,24.694568
0.0,16,24.711098
0.777778,80,24.793717
0.0,64,24.859525
0.0,324,25.194662
0.0,324,25.523304
0.0,123,25.648729
0.0,241,25.892923
0.0,148,26.043891
0.0,324,28.314585
0.294444,254,28.57358
0.0,20,28.594463
0.0,34,28.629615
0.0,99,28.730971
0.0,270,29.005972
0.0,184,29.195922
0.0,28,29.225113
0.0,324,29.555506
0.0,29,29.588341
0.0,209,29.80427
0.113889,319,30.136679
0.0,324,32.226037
0.0,5,32.232274
0.0,75,32.310535
0.0,75,32.387688
0.0,33,32.421611
0.463889,193,32.618292
0.0,94,32.715049
0.0,41,32.757249
0.0,78,32.836865
0.422222,208,33.047023
0.0,54,33.102777
0.0,37,33.140798
0.0,74,33.216404
0.0,69,33.287643
0.0,128,33.419249
0.0,18,33.438074
0.0,14,33.452975
0.0,241,33.696533
0.0,74,33.772079
0.0,20,33.793036
0.0,246,34.041898
0.0,130,35.94277
0.122222,316,36.269963
0.0,69,36.341875
0.244444,272,36.619406
0.0,108,36.730607
0.0,198,36.935923
0.0,17,36.953788
0.0,62,37.018578
0.483333,186,37.215545
0.0,324,37.553811
0.0,118,37.674861
0.0,9,37.685202
0.0,63,37.750238
0.0,35,37.785858
0.0,174,39.709298
0.0,73,39.793856
0.0,22,39.817087
0.0,41,39.859915
0.0,82,39.945574
0.0,85,40.035242
0.0,163,40.205443
0.0,26,40.232545
0.0,8,40.24133
0.0,13,40.255351
0.0,94,40.352384
0.0,18,40.371424
0.0,324,40.702983
0.0,324,41.035375
0.0,13,41.049595
0.0,50,41.102335
0.0,27,41.130854
0.630556,133,41.272287
0.0,124,41.399641
0.0,45,41.445233
0.0,324,41.773765
0.0,63,43.597953
0.0,61,43.661062
0.0,122,43.786634
0.0,38,43.826573
0.0,67,43.895803
0.0,324,44.236998
0.0,88,44.328905
0.497222,181,44.514472
0.633333,132,44.649375
0.0,63,44.713882
0.0,324,45.066928
0.0,86,45.158844
0.0,46,45.20698
0.0,83,45.293129
0.0,324,45.627804
0.0,18,45.646924
0.0,136,47.545677
0.0,67,47.613648
0.0,252,47.873708
0.0,16,47.890677
0.0,58,47.950689
0.0,13,47.964505
0.0,324,48.295516
0.508333,177,48.475797
0.436111,203,48.680288
0.0,107,48.789464
0.411111,212,49.00385
0.0,178,49.18528
0.0,61,49.247718
0.0,111,49.361839
0.361111,230,51.360755
0.0,230,51.59711
0.0,252,51.858367
0.0,216,52.081269
0.0,82,52.166129
0.0,87,52.255763
0.0,134,52.39696
0.0,324,52.734713
0.0,21,52.757537
0.0,96,52.857599
0.0,324,53.190067
0.269444,263,55.227882
0.0,16,55.246925
0.0,99,55.355644
0.0,72,55.429835
0.463889,193,55.628461
0.0,224,55.858736
0.483333,186,56.048483
0.0,99,56.150436
0.0,121,56.279462
0.0,14,56.294564
0.438889,202,56.500505
0.0,11,56.512436
0.0,147,56.663836
0.0,147,56.815411
0.0,12,56.828423
0.0,46,56.876409
0.466667,192,57.071431
0.0,35,57.107322
0.0,324,59.243606
0.0,307,59.559408
0.0,324,59.890718
0.0,22,59.914384
0.0,324,60.255802
0.0,39,60.296891
0.0,40,60.338787
0.0,190,60.536797
0.0,261,60.807482
0.0,219,61.033258
0.0,25,61.059408
0.0,16,61.07612
0.0,68,61.147024
0.238889,274,63.200855
0.655556,124,63.32693
0.0,76,63.405816
0.0,64,63.471358
0.0,324,63.807138
0.0,54,63.864041
0.0,324,64.196522
0.558333,159,64.361402
0.0,246,64.614436
0.0,88,64.70693
0.0,324,65.042081
0.0,94,65.144723
0.0,35,66.95072
0.375,225,67.182809
0.0,65,67.250335
0.0,35,67.28791
0.469444,191,67.484433
0.0,109,67.59637
0.0,46,67.643643
0.186111,293,67.955331
0.0,37,67.994792
0.0,8,68.003708
0.0,324,68.338821
0.0,67,68.409423
0.0,324,68.742323
0.8,72,68.816973
0.0,64,68.883505
0.8,72,68.958035
0.4,216,70.949614
0.377778,224,71.180716
0.0,31,71.213137
0.0,24,71.239367
0.319444,245,71.49317
0.472222,190,71.68865
0.613889,139,71.832085
0.0,80,71.916461
0.0,59,71.978625
0.0,118,72.101741
0.0,324,72.436992
0.0,324,72.774041
0.0,121,72.90249
0.641667,129,74.785487
0.0,45,74.832673
0.716667,102,74.938287
0.0,107,75.050847
0.0,221,75.280368
0.0,24,75.307578
0.594444,146,75.462332
0.0,34,75.497927
0.0,9,75.507875
0.0,28,75.537308
0.369444,227,75.77343
0.0,5,75.779266
0.866667,48,75.829
0.0,97,75.930421
0.6,144,76.08059
0.522222,172,76.263399
0.0,142,76.411291
0.0,124,76.54038
0.0,11,76.552538
0.0,59,76.614434
0.361111,230,78.618428
0.683333,114,78.735443
0.0,157,78.896086
0.0,43,78.940878
0.0,73,79.017519
0.0,23,79.041938
0.0,8,79.050868
0.677778,116,79.171701
0.7,108,79.284525
0.0,169,79.462085
0.0,45,79.509566
0.825,63,79.574765
0.0,56,79.633295
0.0,27,79.662062
0.0,324,80.000629
0.736111,95,80.101067
0.0,75,80.180408
0.711111,104,80.289978
0.0,46,80.338959
0.0,141,80.542689
0.0,30,80.578578
0.738889,94,80.677403
0.0,37,80.71684
0.0,24,80.742392
0.377778,224,82.744445
0.0,29,82.775412
0.0,9,82.785605
0.0,185,82.988394
0.7,108,83.101137
0.591667,147,83.255126
0.747222,91,83.350286
0.0,324,83.683685
0.0,46,83.733119
0.0,323,84.072081
0.0,10,84.083478
0.713889,103,84.190991
0.0,22,84.214931
0.0,98,84.317863
0.0,4,84.32266
0.0,115,84.444376
0.0,23,84.468923
0.0,60,84.532345
0.0,79,84.615536
0.591667,147,86.542249
0.0,214,86.76696
0.0,324,87.108173
0.691667,111,87.224182
0.0,15,87.2407
0.694444,110,87.357573
0.0,259,87.630517
0.0,324,87.973156
0.380556,223,88.228453
0.0,47,88.278384
0.725,99,88.382044
0.641667,129,88.517793
0.0,11,88.529978
0.625,135,88.671355
0.6,144,90.580391
0.747222,91,90.677263
0.422222,208,90.898867
0.0,56,90.958831
0.0,12,90.972226
0.0,28,91.002699
0.652778,125,91.134398
0.0,91,91.232293
0.533333,168,91.410735
0.7,108,91.524792
0.0,144,91.67791
0.802778,71,91.752872
0.638889,130,91.889239
0.563889,157,92.05333
0.0,27,92.083386
0.0,41,92.126607
0.0,7,92.13449
0.0,181,92.327814
0.0,91,92.42408
0.0,15,92.44056
0.0,144,92.595022
0.45,198,94.566833
0.0,40,94.609641
0.0,153,94.772505
0.419444,209,94.992164
0.0,22,95.016361
0.788889,76,95.097202
0.569444,155,95.259346
0.802778,71,95.333773
0.672222,118,95.457923
0.475,189,95.664229
0.483333,186,95.861207
0.611111,140,96.009721
0.0,14,96.025131
0.0,28,96.055346
0.258333,267,96.338963
0.0,72,96.415586
0.730556,97,96.518693
0.788889,76,98.361202
0.644444,128,98.498632
0.0,47,98.549299
0.336111,239,98.801668
0.55,162,98.974008
0.747222,91,99.071268
0.761111,86,99.162881
0.738889,94,99.263279
0.0,221,99.497336
0.608333,141,99.645163
0.747222,91,99.740973
0.663889,121,99.868884
0.786111,77,99.950067
0.0,12,99.96331
0.0,26,99.991043
0.580556,151,100.151181
0.691667,111,100.269009
0.408333,213,102.270092
0.469444,191,102.474121
0.0,14,102.489697
0.813889,67,102.561852
0.0,240,102.818536
0.516667,174,103.005442
0.0,42,103.050669
0.0,199,103.265404
0.836111,59,103.330723
0.505556,178,103.521566
0.0,22,103.545535
0.513889,175,103.733112
0.0,79,103.818744
0.680556,115,103.941384
0.0,17,103.960549
0.597222,145,104.119972
0.0,146,104.277132
0.0,15,104.293725
0.0,104,104.403877
0.713889,103,106.280419
0.0,260,106.562478
0.0,121,106.693105
0.691667,111,106.812439
0.719444,101,106.920363
0.636111,131,107.061649
0.822222,64,107.130878
0.0,12,107.144294
0.861111,50,107.198554
0.819444,65,107.26914
0.569444,155,107.437017
0.0,22,107.46098
0.0,113,107.58178
0.594444,146,107.7376
0.0,40,107.780698
0.791667,75,107.860598
0.788889,76,107.94217
0.744444,92,108.040915
0.0,324,108.391773
0.0,49,110.204104
0.852778,53,110.261642
0.8,72,110.33909
0.711111,104,110.449955
0.838889,58,110.511874
0.694444,110,110.629608
0.0,17,110.648279
0.688889,112,110.768434
0.483333,186,110.974725
0.0,12,110.988163
0.813889,67,111.060779
0.0,126,111.200576
0.630556,133,111.349803
0.0,49,111.403396
0.794444,74,111.486105
0.7,108,111.601255
0.686111,113,111.722717
0.0,20,111.744928
0.588889,148,111.904418
0.733333,96,112.006907
0.508333,177,112.196508
0.0,28,112.226514
0.491667,183,112.422905
0.891667,39,114.255246
0.0,139,114.406641
0.688889,112,114.526642
0.0,19,114.548106
0.747222,91,114.646466
0.813889,67,114.720054
0.0,29,114.752114
0.455556,196,114.965868
0.816667,66,115.038242
0.766667,84,115.131255
0.811111,68,115.205081
0.0,40,115.247858
0.827778,62,115.315659
0.791667,75,115.397249
0.0,18,115.416889
0.830556,61,115.483269
0.0,84,115.573757
0.863889,49,115.625842
0.680556,115,115.75013
0.666667,120,115.879911
0.569444,155,116.056931
0.0,3,116.060749
0.772222,82,116.151738
0.0,83,116.25244
0.822222,64,116.323452
0.775,81,116.411863
0.494444,182,118.37518
0.0,20,118.397343
0.802778,71,118.474814
0.694444,110,118.614563
0.761111,86,118.706926
0.905556,34,118.74414
0.0,149,118.903889
0.588889,148,119.064459
0.0,79,119.150456
0.861111,50,119.204511
0.0,64,119.273668
0.725,99,119.379807
0.0,29,119.411835
0.683333,114,119.532405
0.0,279,119.879644
0.0,8,119.88872
0.0,10,119.899933
0.566667,156,120.068833
0.716667,102,120.178532
0.736111,95,120.280609
0.0,16,120.298319
0.725,99,120.404947
0.0,78,120.489562
0.8,72,122.360499
0.847222,55,122.420466
0.0,99,122.537845
0.733333,96,122.643027
0.611111,140,122.796814
0.866667,48,122.848677
0.0,223,123.088976
0.783333,78,123.172421
0.0,18,123.193376
0.0,48,123.247268
0.0,15,123.264494
0.0,50,123.319506
0.869444,47,123.371439
0.736111,95,123.474604
0.0,28,123.505397
0.0,31,123.539819
0.852778,53,123.600514
0.0,33,123.638873
0.0,30,123.674373
0.0,112,123.795559
0.805556,70,123.871546
0.0,7,123.879668
0.0,17,123.898777
0.0,28,123.930625
0.855556,52,123.987011
0.716667,102,124.097968
0.841667,57,124.159403
0.694444,110,124.278495
0.844444,56,124.339071
0.822222,64,124.40818
0.0,3,124.412014
0.847222,55,124.471576
0.0,20,124.493784
0.0,5,124.499749
0.0,159,126.461165
0.866667,48,126.513123
0.0,13,126.527708
0.808333,69,126.603334
0.0,42,126.649209
0.838889,58,126.715262
0.880556,43,126.761984
0.0,6,126.769064
0.0,76,126.852515
0.0,50,126.907323
0.0,44,126.955251
0.730556,97,127.060072
0.0,32,127.095588
0.858333,51,127.150432
0.0,20,127.172302
0.788889,76,127.254375
0.869444,47,127.307188
0.830556,61,127.372328
0.830556,61,127.437992
0.730556,97,127.542696
0.0,14,127.55837
0.0,41,127.602889
0.802778,71,127.678643
0.0,94,127.780951
0.752778,89,127.877999
0.0,9,127.888188
0.605556,142,128.070109
0.0,58,128.137276
0.891667,39,128.183069
0.8,72,128.267167
0.855556,52,128.328398
0.788889,76,128.418379
0.0,8,128.429042
0.0,5,128.437633
0.894444,38,128.48099
0.847222,55,128.540613
0.813889,67,128.614202
0.85,54,130.464054
0.802778,71,130.541348
0.708333,105,130.655099
0.894444,38,130.69695
0.816667,66,130.768523
0.0,33,130.804598
0.772222,82,130.894866
0.0,19,130.915985
0.438889,202,131.136942
0.841667,57,131.20453
0.788889,76,131.295881
0.825,63,131.364765
0.0,17,131.383603
0.0,21,131.406817
0.494444,182,131.606795
0.827778,62,131.674672
0.886111,41,131.719212
0.0,10,131.73029
0.719444,101,131.842007
0.805556,70,131.917961
0.683333,114,132.041576
0.0,24,132.068756
0.0,3,132.072599
0.0,23,132.097964
0.919444,29,132.129419
0.0,38,132.170818
0.852778,53,132.227911
0.0,41,132.274333
0.677778,116,132.402266
0.863889,49,132.455613
0.780556,79,132.541564
0.794444,74,132.620903
0.847222,55,134.459956
0.641667,129,134.601058
0.872222,46,134.651819
0.675,117,134.780057
0.836111,59,134.843992
0.0,194,135.056812
0.775,81,135.144853
0.0,3,135.148654
0.636111,131,135.293082
0.583333,150,135.45542
0.0,14,135.470661
0.0,4,135.475571
0.0,14,135.491292
0.830556,61,135.557296
0.0,109,135.676329
0.863889,49,135.72906
0.869444,47,135.78034
0.0,23,135.806061
0.0,114,135.932085
0.925,27,135.961896
0.794444,74,136.042603
0.0,69,136.118978
0.0,93,136.223465
0.0,14,136.24041
0.705556,106,136.363465
0.777778,80,136.451933
0.833333,60,136.518862
0.841667,57,136.584126
0.777778,80,136.671807
0.0,60,138.512581
0.780556,79,138.599622
0.847222,55,138.660172
0.747222,91,138.758979
0.847222,55,138.819017
0.0,11,138.831468
0.836111,59,138.899354
0.894444,38,138.943208
0.433333,204,139.165641
0.816667,66,139.237388
0.0,83,139.328538
0.733333,96,139.433061
0.794444,74,139.514418
0.833333,60,139.580906
0.0,12,139.594569
0.738889,94,139.697609
0.822222,64,139.76771
0.891667,39,139.810432
0.875,45,139.860021
0.816667,66,139.931391
0.9,36,139.97031
0.663889,121,140.103514
0.0,245,140.370754
0.622222,136,140.568304
0.863889,49,140.62165
0.780556,79,140.707916
0.688889,112,142.618767
0.0,9,142.629388
0.875,45,142.678837
0.866667,48,142.730991
0.0,68,142.805611
0.816667,66,142.878464
0.877778,44,142.926456
0.727778,98,143.033345
0.705556,106,143.148768
0.0,11,143.161605
0.0,44,143.210064
0.0,24,143.236985
0.208333,285,143.546614
0.872222,46,143.596262
0.0,10,143.60771
0.775,81,143.696667
0.869444,47,143.74849
0.738889,94,143.851268
0.902778,35,143.889417
0.858333,51,143.949341
0.819444,65,144.02648
0.755556,88,144.122613
0.761111,86,144.216687
0.797222,73,144.296562
0.691667,111,144.417445
0.811111,68,144.49159
0.805556,70,144.568039
0.816667,66,144.639924
0.7,108,144.757552
0.0,27,144.787415
0.816667,66,146.642646
0.891667,39,146.685714
0.0,41,146.731606
0.0,22,146.755973
0.752778,89,146.852808
0.0,26,146.881657
0.819444,65,146.952971
0.905556,34,146.989838
0.658333,123,147.125252
0.655556,124,147.260452
0.0,33,147.297266
0.786111,77,147.380589
0.627778,134,147.526037
0.0,254,147.799742
0.847222,55,147.860145
0.758333,87,147.954458
0.0,15,147.971146
0.661111,122,148.103572
0.663889,121,148.234648
0.6,144,148.390489
0.0,3,148.394326
0.0,11,148.406686
0.0,42,148.453
0.0,48,148.505606
0.880556,43,148.552036
0.894444,38,148.593704
0.85,54,148.653254
0.822222,64,148.723033
0.0,73,148.802877
0.722222,100,150.691808
0.861111,50,150.746289
0.8,72,150.824986
0.927778,26,150.853698
0.0,7,150.861961
0.625,135,151.010164
0.811111,68,151.084764
0.0,9,151.095233
0.886111,41,151.14034
0.0,4,151.145281
0.866667,48,151.197068
0.727778,98,151.307126
0.0,27,151.337249
0.0,106,151.453346
0.738889,94,151.560105
0.594444,146,151.720548
0.869444,47,151.771923
0.0,25,151.799616
0.816667,66,151.871567
0.0,31,151.905721
0.0,144,152.063669
0.8,72,152.142954
0.833333,60,152.209114
0.897222,37,152.24984
0.675,117,152.37863
0.925,27,152.408367
0.65,126,152.546623
0.0,76,152.629666
0.722222,100,152.738523
0.844444,56,152.800086
0.919444,29,152.832183
0.0,9,152.842564
0.719444,101,154.73881
0.802778,71,154.816887
0.747222,91,154.917609
0.733333,96,155.023331
0.0,12,155.037244
0.0,7,155.04579
0.897222,37,155.086799
0.822222,64,155.157144
0.0,23,155.183106
0.0,24,155.209785
0.794444,74,155.291173
0.0,167,155.473477
0.0,46,155.5248
0.0,120,155.657153
0.0,17,155.676464
0.866667,48,155.729225
0.905556,34,155.766297
0.741667,93,155.869087
0.791667,75,155.950642
0.819444,65,156.022748
0.722222,100,156.131958
0.844444,56,156.193352
0.0,68,156.270657
0.0,117,156.400411
0.861111,50,156.455024
0.0,45,156.50443
0.863889,49,156.558081
0.0,36,156.600775
0.758333,87,156.698808
0.0,69,156.774952
0.0,95,156.879355
0.0,100,158.764825
0.883333,42,158.810897
0.833333,60,158.876524
0.0,21,158.900169
0.794444,74,158.980438
0.891667,39,159.023508
0.863889,49,159.077622
0.836111,59,159.142269
0.916667,30,159.17538
0.883333,42,159.224932
0.0,8,159.23758
0.744444,92,159.358147
0.677778,116,159.483636
0.877778,44,159.53216
0.861111,50,159.586651
0.805556,70,159.662587
0.813889,67,159.735975
0.783333,78,159.821576
0.75,90,159.919643
0.855556,52,159.977202
0.708333,105,160.092589
0.0,20,160.115008
0.841667,57,160.177207
0.705556,106,160.293422
0.727778,98,160.401533
0.769444,83,160.492023
0.811111,68,160.566137
0.0,22,160.590581
0.0,115,160.716247
0.877778,44,160.764053
0.772222,82,160.853884
0.0,91,160.953001
0.633333,132,163.145379
0.663889,121,163.300787
0.722222,100,163.428911
0.847222,55,163.500242
0.725,99,163.628292
0.0,11,163.643222
0.0,6,163.651493
0.0,62,163.732064
0.0,11,163.746755
0.0,324,164.170506
0.786111,77,164.270571
0.0,38,164.323109
0.886111,41,164.38065
0.0,48,164.446727
0.852778,53,164.51526
0.866667,48,164.57744
0.872222,46,164.63676
0.0,90,164.753711
0.816667,66,164.837741
0.847222,55,164.906649
0.822222,64,164.98702
0.0,12,165.002409
0.836111,59,165.076536
0.0,18,165.099509
0.0,101,165.226054
0.738889,94,165.344592
0.0,18,165.368075
0.580556,151,165.555822
0.880556,43,165.609545
0.855556,52,167.765282
0.0,82,167.867522
0.825,63,167.939459
0.0,18,167.958744
0.741667,93,168.056964
0.772222,82,168.143539
0.847222,55,168.20202
0.4,216,168.429883
0.0,30,168.461313
0.822222,64,168.52953
0.622222,136,168.674429
0.0,5,168.680268
0.875,45,168.727578
0.752778,89,168.821633
0.872222,46,168.871666
0.880556,43,168.916938
0.894444,38,168.957686
0.872222,46,169.006584
0.594444,146,169.160983
0.833333,60,169.224346
0.861111,50,169.277906
0.891667,39,169.318616
0.0,20,169.340326
0.0,12,169.353478
0.791667,75,169.435381
0.861111,50,169.492547
0.888889,40,169.534978
0.841667,57,169.596136
0.0,4,169.600961
0.902778,35,169.638536
0.0,90,169.734766
0.0,22,169.758656
0.630556,133,169.901046
0.866667,48,171.699213
0.844444,56,171.759171
0.747222,91,171.861109
0.755556,88,171.961442
0.788889,76,172.043851
0.463889,193,172.254982
0.0,22,172.280425
0.863889,49,172.333204
0.0,35,172.371488
0.902778,35,172.409645
0.766667,84,172.501117
0.666667,120,172.631648
0.616667,138,172.780543
0.694444,110,172.898157
0.780556,79,172.983168
0.766667,84,173.073836
0.0,10,173.085202
0.777778,80,173.171107
0.830556,61,173.237059
0.838889,58,173.299768
0.627778,134,173.444534
0.747222,91,173.542054
0.0,18,173.561761
0.777778,80,173.648385
0.697222,109,173.766858
0.852778,53,173.824178
0.0,97,175.74364
0.786111,77,175.827632
0.777778,80,175.913362
0.0,189,176.12036
0.888889,40,176.163641
0.702778,107,176.283904
0.825,63,176.352498
0.783333,78,176.43711
0.888889,40,176.480405
0.669444,119,176.608232
0.705556,106,176.723116
0.0,7,176.731221
0.852778,53,176.788742
0.880556,43,176.834785
0.827778,62,176.903079
0.863889,49,176.963965
0.6,144,177.127506
0.891667,39,177.169795
0.580556,151,177.345738
0.825,63,177.413622
0.836111,59,177.478034
0.888889,40,177.524472
0.747222,91,177.623318
0.836111,59,177.688015
0.777778,80,177.774462
0.872222,46,177.824315
0.0,11,177.836962
0.0,23,177.863119
0.769444,83,177.953076
0.872222,46,179.772879
0.797222,73,179.853428
0.825,63,179.922014
0.788889,76,180.005038
0.811111,68,180.079438
0.855556,52,180.136794
0.888889,40,180.18047
0.861111,50,180.234946
0.0,17,180.254111
0.855556,52,180.311872
0.605556,142,180.466539
0.0,21,180.489698
0.0,20,180.511642
0.847222,55,180.571203
0.933333,24,180.597638
0.813889,67,180.670173
0.827778,62,180.737789
0.616667,138,180.888061
0.841667,57,180.950316
0.0,62,181.018099
0.927778,26,181.046784
0.691667,111,181.166141
0.0,25,181.194246
0.730556,97,181.302876
0.772222,82,181.392403
0.863889,49,181.446167
0.916667,30,181.478982
0.880556,43,181.526405
0.0,22,181.550753
0.855556,52,181.60792
0.0,7,181.616108
0.0,12,181.629814
0.0,10,181.641296
0.830556,61,181.707825
0.0,12,181.721424
0.863889,49,181.774854
0.902778,35,181.813167
0.822222,64,181.883656
0.0,14,181.899431
0.830556,61,181.966314
0.886111,41,183.789055
0.713889,103,183.902459
0.0,93,184.003734
0.0,15,184.021225
0.847222,55,184.082117
0.855556,52,184.138867
0.0,33,184.176006
0.672222,118,184.304463
0.880556,43,184.351294
0.0,100,184.461008
0.0,54,184.520817
0.813889,67,184.594325
0.777778,80,184.687839
0.927778,26,184.719776
0.852778,53,184.780521
0.75,90,184.879252
0.0,25,184.907085
0.0,33,184.94365
0.0,17,184.962543
0.0,7,184.9707
0.75,90,185.069471
0.861111,50,185.124756
0.802778,71,185.202579
0.877778,44,185.251469
0.863889,49,185.305318
0.813889,67,185.379351
0.875,45,185.428282
0.894444,38,185.469931
0.0,85,185.563093
0.886111,41,185.608072
0.691667,111,185.728724
0.727778,98,185.83593
0.625,135,185.983218
0.0,26,186.011385
0.766667,84,187.887975
0.0,86,187.982313
0.0,23,188.008232
0.9,36,188.048563
0.938889,22,188.073183
0.927778,26,188.102394
0.752778,89,188.200189
0.902778,35,188.239151
0.902778,35,188.277538
0.713889,103,188.390029
0.769444,83,188.480362
0.902778,35,188.518669
0.661111,122,188.651545
0.825,63,188.721342
0.0,79,188.807184
0.833333,60,188.872091
0.813889,67,188.945406
0.791667,75,189.027615
0.880556,43,189.074767
0.875,45,189.124361
0.844444,56,189.186213
0.702778,107,189.304391
0.0,30,189.337626
0.0,12,189.351034
0.636111,131,189.495076
0.808333,69,189.570229
0.836111,59,189.634451
0.936111,23,189.659991
0.0,139,189.816551
0.0,7,189.824808
0.736111,95,189.930109
0.677778,116,190.0581
0.847222,55,191.892886
0.816667,66,191.964504
0.830556,61,192.032515
0.0,183,192.242363
0.833333,60,192.309765
0.863889,49,192.366045
0.9,36,192.405941
0.0,110,192.530863
0.897222,37,192.572019
0.786111,77,192.656876
0.586111,149,192.82394
0.908333,33,192.860846
0.875,45,192.910444
0.0,3,192.914295
0.869444,47,192.965953
0.886111,41,193.011026
0.736111,95,193.116019
0.0,48,193.169343
0.841667,57,193.231904
0.0,10,193.243743
0.827778,62,193.311629
0.883333,42,193.35752
0.9,36,193.397231
0.858333,51,193.453324
0.897222,37,193.493756
0.888889,40,193.537955
0.819444,65,193.608919
0.802778,71,193.687578
0.766667,84,193.778752
0.0,8,193.787929
0.925,27,193.818087
0.0,19,193.839535
0.908333,33,193.87572
0.727778,98,193.982455
0.677778,116,194.112068
0.675,117,196.01989
0.777778,80,196.109177
0.0,21,196.13266
0.0,107,196.252107
0.725,99,196.362056
0.694444,110,196.483756
0.888889,40,196.528318
0.869444,47,196.580256
0.908333,33,196.616732
0.872222,46,196.668278
0.833333,60,196.733904
0.694444,110,196.855678
0.655556,124,196.992254
0.841667,57,197.055264
0.755556,88,197.152387
0.8,72,197.232906
0.866667,48,197.296861
0.847222,55,197.361454
0.0,9,197.371659
0.0,5,197.377705
0.858333,51,197.435909
0.802778,71,197.51452
0.525,171,197.708335
0.891667,39,197.7508
0.861111,50,197.805103
0.863889,49,197.862007
0.883333,42,197.909653
0.788889,76,197.992456
0.891667,39,198.035306
0.883333,42,198.081844
0.625,135,200.00786
0.85,54,200.068274
0.875,45,200.118287
0.0,55,200.179629
0.858333,51,200.235732
0.813889,67,200.309855
0.805556,70,200.387033
0.847222,55,200.455997
0.0,136,200.656054
0.886111,41,200.700875
0.788889,76,200.783781
0.911111,32,200.819024
0.869444,47,200.871362
0.791667,75,200.953927
0.0,33,200.990667
0.616667,138,201.142403
0.811111,68,201.216446
0.847222,55,201.282502
0.908333,33,201.318761
0.825,63,201.387748
0.813889,67,201.46075
0.0,156,201.633481
0.852778,53,201.691143
0.766667,84,201.783064
0.855556,52,201.839216
0.638889,130,201.981807
0.0,25,202.009462
0.841667,57,202.072079
0.0,7,202.080168
0.869444,47,202.131231
0.813889,67,202.20403
0.727778,98,204.095221
0.758333,87,204.190553
0.852778,53,204.248844
0.805556,70,204.325699
0.0,11,204.338416
0.822222,64,204.408601
0.794444,74,204.489303
0.813889,67,204.56247
0.844444,56,204.62379
0.0,171,204.811584
0.794444,74,204.89203
0.827778,62,204.960674
0.0,6,204.967744
0.833333,60,205.037133
0.0,43,205.087265
0.877778,44,205.135429
0.861111,50,205.191526
0.758333,87,205.287535
0.597222,145,205.446592
0.772222,82,205.536186
0.0,18,205.556295
0.0,28,205.587508
0.0,20,205.609683
0.852778,53,205.668127
0.880556,43,205.715254
0.0,48,205.767922
0.880556,43,205.815119
0.0,8,205.824295
0.794444,74,205.905468
0.888889,40,205.949309
0.838889,58,206.013095
0.866667,48,206.066049
0.822222,64,206.135887
0.830556,61,206.209584
0.888889,40,206.265928
0.0,44,206.324187
0.713889,103,208.614309
0.716667,102,208.804072
0.769444,83,208.917847
0.0,75,209.015652
0.819444,65,209.100237
0.0,14,209.118634
0.905556,34,209.162476
0.0,57,209.236669
0.702778,107,209.371785
0.872222,46,209.429352
0.894444,38,209.513474
0.877778,44,209.587638
0.0,7,209.596947
0.0,19,209.620918
0.0,30,209.659276
0.0,27,209.693221
0.905556,34,209.735805
0.772222,82,209.838033
0.927778,26,209.871076
0.780556,79,209.969148
0.0,6,209.977233
0.894444,38,210.024671
0.805556,70,210.117822
0.869444,47,210.183581
0.677778,116,210.32978
0.0,18,210.352836
0.0,134,210.521376
0.905556,34,210.564203
0.716667,102,210.691478
0.0,100,210.816186
0.938889,22,210.844565
0.669444,119,210.992996
0.830556,61,211.070544
0.85,54,211.138709
0.875,45,211.19439
0.0,25,211.227242
0.816667,66,213.227956
0.838889,58,213.291748
0.0,5,213.297774
0.797222,73,213.376741
0.663889,121,213.506656
0.683333,114,213.629274
0.788889,76,213.710884
0.786111,77,213.792484
0.613889,139,213.941636
0.872222,46,213.991322
0.930556,25,214.018351
0.0,8,214.027591
0.886111,41,214.072525
0.0,11,214.085086
0.758333,87,214.178579
0.733333,96,214.28226
0.0,16,214.299878
0.877778,44,214.347405
0.861111,50,214.401288
0.869444,47,214.451844
0.861111,50,214.505499
0.905556,34,214.542242
0.538889,166,214.721774
0.825,63,214.78937
0.797222,73,214.868155
0.802778,71,214.944346
0.866667,48,214.996682
0.816667,66,215.067973
0.725,99,215.179616
0.0,30,215.21621
0.816667,66,215.300384
0.883333,42,215.345948
0.0,45,215.395184
0.0,57,217.212642
0.872222,46,217.263252
0.786111,77,217.348318
0.877778,44,217.396515
0.813889,67,217.469315
0.0,27,217.49912
0.0,86,217.593512
0.769444,83,217.690803
0.833333,60,217.756607
0.888889,40,217.800243
0.813889,67,217.874708
0.85,54,217.93437
0.883333,42,217.980598
0.866667,48,218.033297
0.863889,49,218.087232
0.758333,87,218.182053
0.580556,151,218.346945
0.705556,106,218.4625
0.0,133,218.608205
0.694444,110,218.726908
0.827778,62,218.794672
0.788889,76,218.877023
0.75,90,218.973916
0.827778,62,219.041517
0.869444,47,219.093099
0.85,54,219.152122
0.0,44,219.200451
0.844444,56,219.261326
0.908333,33,219.297329
0.822222,64,219.366983
0.841667,57,221.194495
0.794444,74,221.279966
0.841667,57,221.345168
0.808333,69,221.421503
0.85,54,221.480534
0.0,6,221.487646
0.744444,92,221.58912
0.0,41,221.634174
0.830556,61,221.701915
0.0,28,221.732978
0.902778,35,221.772372
0.922222,28,221.803237
0.722222,100,221.912789
0.0,23,221.939103
0.838889,58,222.002958
0.844444,56,222.065155
0.861111,50,222.120948
0.922222,28,222.151594
0.883333,42,222.198416
0.0,6,222.205513
0.691667,111,222.328176
0.0,48,222.381833
0.880556,43,222.429034
0.0,25,222.457269
0.888889,40,222.50126
0.888889,40,222.545097
0.0,16,222.563246
0.663889,121,222.699683
0.777778,80,222.795111
0.0,17,222.814065
0.0,17,222.833777
0.769444,83,222.926843
0.866667,48,222.982579
0.858333,51,223.03938
0.752778,89,223.13814
0.530556,169,223.326061
0.825,63,223.394707
0.677778,116,225.288244
0.802778,71,225.369002
0.833333,60,225.442981
0.816667,66,225.515892
0.808333,69,225.591645
0.822222,64,225.662234
0.936111,23,225.687534
0.825,63,225.756643
0.0,55,225.817278
0.9,36,225.857023
0.6,144,226.013926
0.0,16,226.031877
0.919444,29,226.064045
0.0,135,226.211433
0.0,31,226.246452
0.919444,29,226.279262
0.0,27,226.309469
0.0,82,226.399476
0.0,37,226.440684
0.908333,33,226.477592
0.886111,41,226.522538
0.772222,82,226.61231
0.894444,38,226.654619
0.0,39,226.697335
0.0,89,226.794368
0.8,72,226.873114
0.9,36,226.912144
0.783333,78,226.997935
0.894444,38,227.040316
0.886111,41,227.08507
0.847222,55,227.145013
0.783333,78,227.229826
0.791667,75,227.312563
0.872222,46,227.363734
0.0,19,227.385
0.0,12,227.398653
0.0,13,227.413183
0.0,15,227.430035
0.0,74,229.3112
0.822222,64,229.381449
0.811111,68,229.456459
0.869444,47,229.508414
0.888889,40,229.552782
0.875,45,229.602108
0.0,38,229.644677
0.691667,111,229.765281
0.863889,49,229.819443
0.730556,97,229.926003
0.888889,40,229.969861
0.869444,47,230.021572
0.872222,46,230.072489
0.0,56,230.134394
0.0,33,230.170818
0.0,26,230.200246
0.827778,62,230.268426
0.727778,98,230.376168
0.777778,80,230.467214
0.847222,55,230.530455
0.872222,46,230.580843
0.0,106,230.697968
0.611111,140,230.85207
0.788889,76,230.935121
0.0,32,230.970692
0.0,21,230.994673
0.652778,125,231.132025
0.0,23,231.157626
0.883333,42,231.203944
0.863889,49,231.260898
0.880556,43,231.307877
0.0,10,231.319493
0.880556,43,231.367151
0.919444,29,231.399206
0.875,45,231.448741
0.708333,105,233.348471
0.0,121,233.484536
0.675,117,233.613602
0.877778,44,233.662752
0.875,45,233.712276
0.886111,41,233.75741
0.888889,40,233.800958
0.866667,48,233.853712
0.925,27,233.883322
0.913889,31,233.917266
0.0,98,234.025595
0.0,40,234.070686
0.894444,38,234.112558
0.661111,122,234.24833
0.916667,30,234.281442
0.747222,91,234.381269
0.697222,109,234.500776
0.875,45,234.550725
0.0,18,234.570656
0.819444,65,234.641806
0.672222,118,234.76963
0.819444,65,234.840105
0.830556,61,234.907537
0.0,96,235.011586
0.0,8,235.020749
0.0,10,235.032004
0.825,63,235.101145
0.877778,44,235.150028
0.772222,82,235.240689
0.85,54,235.300615
0.891667,39,235.343834
0.841667,57,235.406775
0.913889,31,235.440778
0.813889,67,235.519544
0.777778,80,237.400848
0.0,11,237.413835
0.766667,84,237.507537
0.869444,47,237.559516
0.855556,52,237.616565
0.794444,74,237.699294
0.0,19,237.720799
0.866667,48,237.774067
0.836111,59,237.839148
0.802778,71,237.919228
0.872222,46,237.976615
0.847222,55,238.042141
0.872222,46,238.093716
0.85,54,238.15583
0.9,36,238.196224
0.841667,57,238.266891
0.719444,101,238.3793
0.0,69,238.456497
0.605556,142,238.615982
0.794444,74,238.697062
0.872222,46,238.747627
0.0,30,238.78106
0.775,81,238.869976
0.777778,80,238.957923
0.466667,192,239.170102
0.830556,61,239.237153
0.905556,34,239.274344
0.741667,93,239.376132
0.9,36,239.415743
0.777778,80,239.503178
0.797222,73,239.583353
0.0,65,239.655321
0.744444,92,241.541294
0.0,28,241.572774
0.841667,57,241.636751
0.0,69,241.714138
0.0,6,241.721385
0.866667,48,241.774309
0.872222,46,241.824709
0.802778,71,241.9036
0.866667,48,241.957189
0.0,99,242.067053
0.647222,127,242.207957
0.783333,78,242.295182
0.838889,58,242.359541
0.808333,69,242.435895
0.0,20,242.458212
0.0,36,242.4979
0.894444,38,242.539962
0.0,109,242.660342
0.0,33,242.697408
0.816667,66,242.76962
0.863889,49,242.823161
0.816667,66,242.897557
0.894444,38,242.93955
0.775,81,243.053685
0.805556,70,243.161787
0.858333,51,243.219039
0.805556,70,243.296706
0.775,81,243.386968
0.911111,32,243.423011
0.0,8,243.432568
0.758333,87,243.526999
0.0,21,243.550451
0.905556,34,243.587683
0.908333,33,243.625481
0.897222,37,243.666748
0.925,27,243.696472
0.0,16,243.714843
0.902778,35,243.7536
0.847222,55,245.596535
0.0,49,245.651705
0.861111,50,245.711637
0.880556,43,245.761308
0.877778,44,245.810482
0.855556,52,245.868016
0.0,78,245.956172
0.0,11,245.969046
0.763889,85,246.062977
0.827778,62,246.132039
0.772222,82,246.22335
0.0,33,246.262253
0.686111,113,246.38745
0.805556,70,246.464682
0.841667,57,246.527743
0.844444,56,246.589391
0.825,63,246.659062
0.808333,69,246.735405
0.0,7,246.743558
0.0,7,246.751713
0.0,48,246.805014
0.727778,98,246.912577
0.0,80,246.999926
0.763889,85,247.092784
0.683333,114,247.218826
0.838889,58,247.284361
0.0,68,247.360388
0.844444,56,247.4225
0.0,75,247.506918
0.85,54,247.566365
0.819444,65,247.638178
0.744444,92,247.739485
0.0,58,247.803954
0.0,112,249.719684
0.0,37,249.761606
0.0,10,249.773269
0.8,72,249.853162
0.0,3,249.85699
0.0,79,249.944328
0.0,51,250.001585
0.0,21,250.024867
0.847222,55,250.086295
0.0,39,250.130069
0.786111,77,250.214985
0.0,11,250.227408
0.705556,106,250.344296
0.844444,56,250.406313
0.0,9,250.416768
0.827778,62,250.485607
0.916667,30,250.518609
0.0,30,250.551989
0.938889,22,250.576321
0.0,45,250.626287
0.725,99,250.734948
0.852778,53,250.799666
0.783333,78,250.907289
0.566667,156,251.079527
0.747222,91,251.178976
0.0,52,251.238236
0.866667,48,251.292823
0.0,42,251.339877
0.716667,102,251.453025
0.0,22,251.477825
0.0,29,251.510407
0.0,25,251.538344
0.788889,76,251.621466
0.694444,110,251.743421
0.0,69,251.821077
0.844444,56,251.882951
0.880556,43,251.930581
0.902778,35,253.772809
0.811111,68,253.852158
0.858333,51,253.910798
0.0,60,253.978621
0.0,30,254.012966
0.855556,52,254.071572
0.613889,139,254.226626
0.883333,42,254.274068
0.697222,109,254.395301
0.888889,40,254.44012
0.0,28,254.471535
0.0,10,254.483047
0.833333,60,254.54936
0.725,99,254.661
0.822222,64,254.7318
0.0,10,254.743486
0.8,72,254.824116
0.877778,44,254.873794
0.847222,55,254.934849
0.875,45,254.984832
0.0,42,255.032678
0.0,23,255.059079
0.719444,101,255.170588
0.858333,51,255.226985
0.0,20,255.249603
0.794444,74,255.332129
0.716667,102,255.44438
0.877778,44,255.493187
0.869444,47,255.544711
0.827778,62,255.612511
0.866667,48,255.665495
0.588889,148,255.828448
0.811111,68,255.909164
0.761111,86,256.005093
0.883333,42,257.832677
0.813889,67,257.908092
0.825,63,257.978651
0.766667,84,258.07168
0.736111,95,258.17729
0.730556,97,258.285055
0.872222,46,258.345054
0.855556,52,258.406549
0.866667,48,258.45984
0.802778,71,258.539392
0.0,22,258.564439
0.883333,42,258.612704
0.841667,57,258.676611
0.0,8,258.686032
0.85,54,258.745778
0.822222,64,258.816566
0.733333,96,258.924875
0.847222,55,258.986276
0.938889,22,259.010843
0.658333,123,259.147733
0.877778,44,259.196706
0.0,31,259.231351
0.863889,49,259.2857
0.0,60,259.352515
0.752778,89,259.450761
0.736111,95,259.556912
0.0,20,259.579397
0.791667,75,259.66267
0.561111,158,259.837643
0.0,30,259.87139
0.0,17,259.890632
0.763889,85,259.983984
0.0,15,260.001045
0.872222,46,260.053053
0.0,18,260.073735
0.0,42,260.120749
0.875,45,262.03051
0.0,7,262.038767
0.883333,42,262.08576
0.0,24,262.113739
0.558333,159,262.290798
0.0,133,262.437602
0.0,14,262.453982
0.769444,83,262.545648
0.852778,53,262.604636
0.863889,49,262.659473
0.827778,62,262.728383
0.719444,101,262.839781
0.0,3,262.843584
0.888889,40,262.887839
0.0,8,262.897095
0.847222,55,262.957884
0.747222,91,263.060043
0.852778,53,263.118676
0.0,15,263.135594
0.0,36,263.175936
0.0,14,263.192066
0.741667,93,263.294077
0.766667,84,263.387954
0.813889,67,263.466102
0.836111,59,263.530926
0.925,27,263.561467
0.830556,61,263.628462
0.822222,64,263.700805
0.752778,89,263.798363
0.0,97,263.905469
0.85,54,263.964705
0.861111,50,264.02185
0.85,54,264.082044
0.861111,50,264.13704
0.0,32,264.173053
0.0,4,264.178068
0.883333,42,264.225816
0.0,55,266.065124
0.613889,139,266.225842
0.841667,57,266.290934
0.0,93,266.393909
0.844444,56,266.455579
0.8,72,266.535328
0.772222,82,266.62533
0.791667,75,266.708807
0.0,21,266.732442
0.730556,97,266.839261
0.880556,43,266.887173
0.816667,66,266.959796
0.872222,46,267.010151
0.0,17,267.029387
0.652778,125,267.167097
0.913889,31,267.201565
0.0,28,267.232974
0.866667,48,267.287432
0.0,40,267.331973
0.744444,92,267.433044
0.813889,67,267.506572
0.738889,94,267.609739
0.883333,42,267.656415
0.780556,79,267.743259
0.836111,59,267.808063
0.916667,30,267.841445
0.0,9,267.851987
0.0,56,267.9141
0.936111,23,267.939718
0.686111,113,268.064035
0.861111,50,268.118869
0.0,20,268.141258
0.0,27,268.171489
0.775,81,268.26046
0.738889,94,270.143532
0.791667,75,270.226535
0.886111,41,270.271679
0.694444,110,270.392831
0.897222,37,270.433478
0.7,108,270.550714
0.791667,75,270.632784
0.863889,49,270.687261
0.852778,53,270.746157
0.813889,67,270.819534
0.886111,41,270.864457
0.905556,34,270.902058
0.725,99,271.010253
0.0,3,271.014077
0.858333,51,271.070328
0.847222,55,271.134243
0.0,50,271.196945
0.847222,55,271.262637
0.888889,40,271.306645
0.827778,62,271.374888
0.847222,55,271.435758
0.727778,98,271.543465
0.0,6,271.550507
0.0,56,271.61308
0.786111,77,271.698264
0.830556,61,271.765775
0.736111,95,271.870559
0.0,6,271.877666
0.861111,50,271.932408
0.894444,38,271.9741
0.847222,55,272.034596
0.0,12,272.048447
0.0,45,272.098166
0.0,13,272.11311
0.0,12,272.127044
0.0,7,272.135184
0.922222,28,272.166174
0.872222,46,272.216884
0.744444,92,272.318722
0.880556,43,272.366371
0.852778,53,274.206398
0.0,13,274.221342
0.797222,73,274.302543
0.0,94,274.406734
0.0,18,274.426991
0.886111,41,274.472146
0.902778,35,274.510879
0.0,27,274.54101
0.869444,47,274.592767
0.827778,62,274.660975
0.738889,94,274.765208
0.833333,60,274.830961
0.841667,57,274.893914
0.0,42,274.940535
0.861111,50,274.995315
0.886111,41,275.041034
0.930556,25,275.069062
0.0,26,275.098232
0.744444,92,275.199891
0.75,90,275.298323
0.0,4,275.30325
0.911111,32,275.338818
0.0,14,275.354694
0.0,34,275.392331
0.763889,85,275.48578
0.0,25,275.513567
0.888889,40,275.557186
0.797222,73,275.637269
0.0,57,275.700984
0.811111,68,275.775306
0.827778,62,275.843494
0.0,8,275.852747
0.752778,89,275.950527
0.0,22,275.975173
0.0,131,276.119595
0.780556,79,276.206443
0.780556,79,276.316945
0.880556,43,276.365156
0.802778,71,278.211165
0.619444,137,278.362566
0.869444,47,278.413941
0.880556,43,278.460926
0.797222,73,278.541089
0.0,52,278.599536
0.0,5,278.605453
0.630556,133,278.761595
0.891667,39,278.805797
0.55,162,278.987754
0.0,9,278.998678
0.777778,80,279.087438
0.0,52,279.145668
0.0,20,279.168013
0.844444,56,279.23124
0.0,16,279.249953
0.722222,100,279.361464
0.816667,66,279.434886
0.786111,77,279.519335
0.880556,43,279.566251
0.816667,66,279.638271
0.811111,68,279.713044
0.894444,38,279.75443
0.919444,29,279.78618
0.0,25,279.8139
0.833333,60,279.880579
0.916667,30,279.912889
0.816667,66,279.985504
0.880556,43,280.03284
0.0,16,280.051862
0.827778,62,280.12003
0.0,40,280.164338
0.936111,23,280.190575
0.847222,55,280.251158
0.0,10,280.262657
0.872222,46,280.31258
0.0,11,280.325814
0.575,153,282.319058
0.0,12,282.333245
0.847222,55,282.394644
0.822222,64,282.465608
0.741667,93,282.569464
0.916667,30,282.602509
0.841667,57,282.665424
0.722222,100,282.776529
0.733333,96,282.883584
0.927778,26,282.913251
0.794444,74,282.994949
0.861111,50,283.050137
0.0,9,283.060779
0.855556,52,283.117728
0.661111,122,283.253199
0.816667,66,283.326001
0.911111,32,283.361584
0.0,88,283.459091
0.875,45,283.509406
0.769444,83,283.601419
0.875,45,283.651243
0.813889,67,283.727543
0.766667,84,283.826515
0.794444,74,283.909967
0.0,4,283.9149
0.0,54,283.97557
0.908333,33,284.013372
0.811111,68,284.094268
0.0,18,284.115224
0.0,33,284.152916
0.716667,102,284.266743
0.786111,77,284.353917
0.866667,48,284.408151
0.883333,42,284.45481
0.855556,52,284.512867
0.652778,125,286.495965
0.788889,76,286.582689
0.716667,102,286.699025
0.852778,53,286.759114
0.941667,21,286.782943
0.877778,44,286.833249
0.794444,74,286.916155
0.855556,52,286.974524
0.944444,20,286.997089
0.688889,112,287.121807
0.0,15,287.139014
0.791667,75,287.22331
0.755556,88,287.323235
0.0,6,287.330414
0.8,72,287.411261
0.863889,49,287.466859
0.866667,48,287.521292
0.655556,124,287.660712
0.588889,148,287.827396
0.813889,67,287.903513
0.786111,77,287.990656
0.916667,30,288.024775
0.866667,48,288.079634
0.0,21,288.103691
0.886111,41,288.149617
0.0,9,288.160487
0.0,13,288.175551
0.0,26,288.205092
0.0,14,288.221368
0.0,18,288.242398
0.0,20,288.265424
0.827778,62,288.334521
0.0,21,288.358626
0.897222,37,288.40051
0.0,16,288.418963
0.716667,102,288.533788
0.0,54,288.595166
0.0,32,288.631482
0.877778,44,288.681445
0.0,14,288.697813
0.838889,58,288.763653
0.0,60,290.699482
0.0,28,290.73183
0.886111,41,290.779296
0.863889,49,290.83526
0.0,33,290.873667
0.8,72,290.955952
0.869444,47,291.009781
0.775,81,291.102073
0.0,8,291.111718
0.916667,30,291.145812
0.869444,47,291.199317
0.0,84,291.299225
0.0,14,291.315559
0.858333,51,291.373592
0.869444,47,291.426797
0.805556,70,291.508619
0.844444,56,291.575929
0.811111,68,291.654166
0.863889,49,291.710113
0.819444,65,291.78434
0.675,117,291.917962
0.913889,31,291.953351
0.852778,53,292.013464
0.0,40,292.059463
0.927778,26,292.089507
0.913889,31,292.124617
0.655556,124,292.265718
0.8,72,292.348042
0.0,21,292.372379
0.0,52,292.432024
0.0,10,292.443951
0.811111,68,292.521493
0.841667,57,292.586267
0.766667,84,292.683564
0.861111,50,292.740724
0.813889,67,292.816915
0.841667,57,292.882408
0.908333,33,292.919903
0.780556,79,294.952598
0.869444,47,295.006973
0.780556,79,295.097454
0.908333,33,295.135706
0.827778,62,295.206513
0.938889,22,295.232059
0.883333,42,295.280339
0.0,5,295.286474
0.852778,53,295.346636
0.613889,139,295.505074
0.0,7,295.513523
0.863889,49,295.569272
0.922222,28,295.601114
0.0,22,295.626364
0.0,32,295.66386
0.0,6,295.671085
0.0,7,295.679589
0.761111,86,295.777562
0.866667,48,295.833136
0.858333,51,295.891471
0.0,10,295.903291
0.827778,62,295.974367
0.772222,82,296.069326
0.0,46,296.122137
0.827778,62,296.193369
0.0,41,296.243874
0.825,63,296.320105
0.863889,49,296.376655
0.833333,60,296.445128
0.0,6,296.452696
0.836111,59,296.519889
0.0,23,296.546162
0.838889,58,296.617461
0.858333,51,296.679687
0.891667,39,296.724574
0.777778,80,296.815878
0.0,31,296.852491
0.0,10,296.864421
0.0,29,296.898097
0.0,97,297.009304
0.0,21,297.034379
0.833333,60,297.103037
0.888889,40,297.148672
0.844444,56,297.21306
0.883333,42,297.261635
0.65,126,299.300801
0.675,117,299.437297
0.0,72,299.520304
0.0,19,299.542638
0.841667,57,299.610899
0.916667,30,299.645867
0.886111,41,299.693615
0.0,27,299.724921
0.869444,47,299.778781
0.866667,48,299.833507
0.866667,48,299.889288
0.833333,60,299.957786
0.894444,38,300.001712
0.786111,77,300.090251
0.733333,96,300.200331
0.858333,51,300.259921
0.902778,35,300.300047
0.905556,34,300.339778
0.916667,30,300.374465
0.788889,76,300.461212
0.0,11,300.474269
0.9,36,300.515878
0.869444,47,300.569768
0.833333,60,300.638139
0.877778,44,300.689517
0.875,45,300.741125
0.0,12,300.755368
0.794444,74,300.840817
0.911111,32,300.87808
0.85,54,300.940939
0.947222,19,300.962904
0.911111,32,300.999625
0.877778,44,301.051088
0.936111,23,301.077832
0.858333,51,301.136944
0.655556,124,301.283783
0.905556,34,301.323408
0.833333,60,301.392487
0.9,36,301.433609
0.811111,68,301.512911
0.730556,97,303.52242
0.0,34,303.561922
0.916667,30,303.596704
0.0,13,303.613134
0.0,73,303.697549
0.0,5,303.703844
0.0,37,303.747072
0.0,15,303.764669
0.861111,50,303.821979
0.822222,64,303.896478
0.730556,97,304.007951
0.897222,37,304.052049
0.0,15,304.071844
0.819444,65,304.155151
0.841667,57,304.222126
0.0,46,304.277425
0.844444,56,304.343225
0.941667,21,304.370422
0.0,9,304.38131
0.902778,35,304.422626
0.861111,50,304.481374
0.861111,50,304.539244
0.852778,53,304.601285
0.894444,38,304.646639
0.0,21,304.673919
0.783333,78,304.765026
0.825,63,304.838463
0.825,63,304.911496
0.766667,84,305.007942
0.0,55,305.07237
0.805556,70,305.153612
0.886111,41,305.200778
0.777778,80,305.293298
0.0,78,305.38315
0.897222,37,305.425786
0.0,7,305.434301
0.911111,32,305.471297
0.783333,78,305.560034
0.0,23,305.586769
0.827778,62,305.659515
0.897222,37,305.702099
0.0,46,305.756552
0.0,20,305.779924
0.808333,69,305.860268
0.788889,76,307.863637
0.863889,49,307.920406
0.791667,75,308.006658
0.8,72,308.090958
0.791667,75,308.17828
0.869444,47,308.233291
0.0,40,308.279224
0.755556,88,308.380561
0.891667,39,308.4256
0.836111,59,308.493123
0.841667,57,308.558721
0.752778,89,308.661574
0.930556,25,308.691426
0.569444,155,308.869859
0.711111,104,308.989877
0.9,36,309.031912
0.0,8,309.041414
0.0,15,309.059416
0.863889,49,309.115869
0.866667,48,309.176879
0.672222,118,309.322711
0.838889,58,309.3896
0.855556,52,309.457115
0.0,31,309.493824
0.0,17,309.515168
0.838889,58,309.582734
0.0,5,309.589077
0.0,70,309.671584
0.869444,47,309.726278
0.858333,51,309.79135
0.0,15,309.809906
0.794444,74,309.896447
0.869444,47,309.951339
0.0,19,309.973581
0.872222,46,310.027126
0.888889,40,310.073865
0.797222,73,310.157891
0.783333,78,312.158745
0.802778,71,312.242182
0.788889,76,312.332384
0.0,9,312.343376
0.455556,196,312.568842
0.905556,34,312.608369
0.658333,123,312.7505
0.0,40,312.797327
0.691667,111,312.926511
0.0,22,312.952391
0.452778,197,313.179798
0.922222,28,313.212054
0.908333,33,313.250354
0.95,18,313.271401
0.0,5,313.277715
0.805556,70,313.357851
0.802778,71,313.439791
0.897222,37,313.482292
0.475,189,313.700602
0.855556,52,313.760478
0.886111,41,313.80792
0.0,66,313.884842
0.0,18,313.90601
0.866667,48,313.961216
0.819444,65,314.03659
0.719444,101,314.153553
0.875,45,314.206068
0.0,25,314.237706
0.858333,51,314.303156
0.85,54,314.36661
0.725,99,314.481738
0.0,13,316.41202
0.0,75,316.500783
0.741667,93,316.607843
0.913889,31,316.644849
0.836111,59,316.713276
0.852778,53,316.775304
0.733333,96,316.885658
0.0,21,316.911038
0.897222,37,316.956722
0.722222,100,317.077866
0.708333,105,317.199505
0.852778,53,317.261794
0.0,38,317.30766
0.0,324,317.682363
0.855556,52,317.743413
0.838889,58,317.811116
0.863889,49,317.868151
0.841667,57,317.933951
0.833333,60,318.004548
0.827778,62,318.077211
0.888889,40,318.123377
0.747222,91,318.228592
0.808333,69,318.3095
0.861111,50,318.367913
0.861111,50,318.42561
0.0,20,318.449856
0.777778,80,318.542763
0.933333,24,318.570706
0.0,32,318.608518
0.869444,47,318.662504
0.913889,31,318.698128
0.883333,42,318.746832
0.0,6,318.754267
0.913889,31,318.78998
0.888889,40,320.836186
0.0,3,320.84022
0.886111,41,320.886723
0.0,11,320.899568
0.911111,32,320.936908
0.897222,37,320.97894
0.0,27,321.009768
0.836111,59,321.075896
0.822222,64,321.148289
0.863889,49,321.203422
0.9,36,321.255337
0.925,27,321.28905
0.777778,80,321.379087
0.702778,107,321.499934
0.0,28,321.533461
0.75,90,321.635725
0.847222,55,321.697673
0.802778,71,321.778062
0.838889,58,321.84347
0.830556,61,321.913347
0.761111,86,322.011907
0.808333,69,322.097043
0.866667,48,322.152867
0.908333,33,322.19026
0.0,11,322.203093
0.0,8,322.21249
0.788889,76,322.299825
0.858333,51,322.357977
0.747222,91,322.461212
0.85,54,322.522608
0.0,7,322.530973
0.866667,48,322.585175
0.713889,103,322.701972
0.916667,30,322.736557
0.0,34,322.77529
0.786111,77,322.862327
0.0,24,322.889699
0.0,16,322.908736
0.888889,40,322.953779
0.880556,43,323.00275
0.755556,88,323.104226
0.0,30,323.139168
0.702778,107,325.168289
0.861111,50,325.225305
0.597222,145,325.389473
0.0,19,325.411432
0.0,23,325.437902
0.816667,66,325.513039
0.0,41,325.559481
0.833333,60,325.627202
0.652778,125,325.768887
0.925,27,325.799399
0.738889,94,325.906156
0.794444,74,325.98949
0.805556,70,326.070044
0.813889,67,326.145295
0.833333,60,326.21401
0.0,22,326.241961
0.833333,60,326.312782
0.880556,43,326.36095
0.805556,70,326.440934
0.830556,61,326.510266
0.513889,175,326.707012
0.880556,43,326.755172
0.738889,94,326.860545
0.0,100,326.974227
0.0,38,327.018502
0.0,14,327.034567
0.894444,38,327.077095
0.0,3,327.080975
0.711111,104,327.207137
0.877778,44,327.258769
0.869444,47,327.314528
0.0,123,329.340265
0.0,13,329.355619
0.825,63,329.428389
0.9,36,329.469334
0.880556,43,329.522986
0.844444,56,329.591293
0.675,117,329.727237
0.880556,43,329.776156
0.0,32,329.816875
0.0,10,329.828765
0.825,63,329.901455
0.0,31,329.937059
0.0,9,329.947571
0.805556,70,330.026558
0.897222,37,330.068217
0.847222,55,330.134457
0.905556,34,330.173134
0.733333,96,330.282551
0.858333,51,330.340432
0.9,36,330.381587
0.747222,91,330.484818
0.866667,48,330.539189
0.677778,116,330.670603
0.747222,91,330.772919
0.880556,43,330.822268
0.880556,43,330.872237
0.0,65,330.945951
0.925,27,330.976844
0.827778,62,331.047542
0.869444,47,331.100341
0.775,81,331.191922
0.0,67,331.274906
0.763889,85,331.372342
0.838889,58,331.439542
0.755556,88,331.54035
0.875,45,331.59128
0.716667,102,333.616097
0.0,28,333.648578
0.0,12,333.662642
0.0,7,333.6709
0.736111,95,333.778091
0.85,54,333.839833
0.797222,73,333.923831
0.891667,39,333.967839
0.861111,50,334.024728
0.0,22,334.049764
0.833333,60,334.117805
0.0,27,334.148629
0.902778,35,334.189337
0.783333,78,334.277078
0.913889,31,334.312281
0.816667,66,334.38701
0.0,104,334.507098
0.841667,57,334.576583
0.922222,28,334.614963
0.747222,91,334.726304
0.819444,65,334.80281
0.847222,55,334.869403
0.913889,31,334.905556
0.841667,57,334.972081
0.783333,78,335.062127
0.838889,58,335.127676
0.752778,89,335.231871
0.0,19,335.253909
0.0,35,335.293334
0.0,7,335.301716
0.0,6,335.308856
0.8,72,335.389908
0.822222,64,335.462559
0.0,10,335.474295
0.75,90,335.57583
0.0,20,335.599038
0.0,9,335.610445
0.925,27,335.641224
0.0,17,335.662031
0.808333,69,335.739913
0.802778,71,335.820637
0.0,47,335.874863
0.0,14,335.890978
0.861111,50,337.856228
0.880556,43,337.904926
0.738889,94,338.011041
0.0,15,338.028359
0.0,27,338.060517
0.0,47,338.113759
0.0,8,338.123254
0.861111,50,338.179139
0.722222,100,338.29213
0.930556,25,338.320746
0.733333,96,338.428349
0.0,21,338.453171
0.0,75,338.537212
0.927778,26,338.566443
0.927778,26,338.596482
0.0,30,338.630506
0.838889,58,338.697078
0.813889,67,338.773074
0.855556,52,338.831624
0.866667,48,338.885587
0.733333,96,338.993963
0.0,17,339.013979
0.0,11,339.026811
0.919444,29,339.059015
0.0,19,339.080807
0.691667,111,339.20473
0.0,6,339.212549
0.663889,121,339.349683
0.0,11,339.362563
0.880556,43,339.410579
0.811111,68,339.485937
0.0,21,339.509778
0.858333,51,339.567608
0.863889,49,339.622069
0.933333,24,339.653174
0.822222,64,339.740873
0.822222,64,339.814687
0.833333,60,339.886085
0.825,63,339.960091
0.869444,47,340.014152
0.769444,83,340.10842
0.805556,70,342.081033
0.863889,49,342.136965
0.861111,50,342.194339
0.869444,47,342.247255
0.9,36,342.290778
0.863889,49,342.346504
0.883333,42,342.397423
0.819444,65,342.477136
0.886111,41,342.524272
0.0,15,342.541983
0.877778,44,342.591506
0.786111,77,342.678866
0.0,15,342.696184
0.861111,50,342.753031
0.911111,32,342.789114
0.830556,61,342.858911
0.686111,113,342.987938
0.794444,74,343.071605
0.0,23,343.098096
0.594444,146,343.263514
0.0,14,343.279718
0.875,45,343.330711
0.391667,219,343.57699
0.0,37,343.619127
0.816667,66,343.693987
0.802778,71,343.774082
0.775,81,343.864843
0.827778,62,343.935325
0.85,54,343.996939
0.666667,120,344.134966
0.0,21,344.158964
0.813889,67,344.234513
0.902778,35,344.273966
0.811111,68,344.3504
0.891667,39,344.394116
0.619444,137,346.455992
0.880556,43,346.504517
0.0,12,346.518637
0.861111,50,346.575119
0.630556,133,346.725736
0.838889,58,346.790846
0.0,9,346.801515
0.902778,35,346.840758
0.788889,76,346.926877
0.0,44,346.977298
0.772222,82,347.071372
0.7,108,347.19171
0.908333,33,347.229603
0.841667,57,347.295297
0.0,26,347.325527
0.816667,66,347.399344
0.0,23,347.425593
0.75,90,347.537784
0.669444,119,347.675561
0.0,36,347.716698
0.727778,98,347.827147
0.0,49,347.883525
0.0,7,347.891819
0.0,9,347.902407
0.713889,103,348.018499
0.6,144,348.181571
0.761111,86,348.27812
0.838889,58,348.343587
0.855556,52,348.401762
0.908333,33,348.439302
0.819444,65,348.51195
0.841667,57,348.576469
0.733333,96,350.600834
0.858333,51,350.660035
0.0,32,350.69805
0.0,42,350.746939
0.0,18,350.76786
0.858333,51,350.826161
0.0,21,350.851095
0.933333,24,350.878472
0.0,9,350.889032
0.713889,103,351.006217
0.738889,94,351.112681
0.866667,48,351.167742
0.927778,26,351.197443
0.0,97,351.31754
0.875,45,351.369506
0.783333,78,351.457867
0.888889,40,351.503128
0.661111,122,351.640471
0.780556,79,351.728594
0.713889,103,351.845598
0.908333,33,351.885445
0.0,9,351.896024
0.8,72,351.977248
0.730556,97,352.085802
0.0,94,352.19211
0.866667,48,352.24683
0.802778,71,352.329794
0.836111,59,352.39767
0.8,72,352.478978
0.752778,89,352.591603
0.936111,23,352.619971
0.897222,37,352.664798
0.866667,48,352.719562
0.0,45,352.770324
0.7,108,352.893003
0.516667,174,354.982836
0.894444,38,355.028264
0.0,50,355.086284
0.0,17,355.120018
0.0,11,355.145829
0.0,14,355.175556
0.808333,69,355.273049
0.736111,95,355.383375
0.686111,113,355.510643
0.925,27,355.543612
0.85,54,355.604474
0.836111,59,355.671033
0.0,10,355.682798
0.0,22,355.707665
0.9,36,355.748255
0.866667,48,355.801997
0.838889,58,355.867659
0.85,54,355.928068
0.819444,65,356.001389
0.0,12,356.015336
0.902778,35,356.055858
0.761111,86,356.151832
0.766667,84,356.257202
0.872222,46,356.312018
0.0,62,356.381799
0.752778,89,356.481589
0.825,63,356.55249
0.772222,82,356.644528
0.841667,57,356.708737
0.875,45,356.759257
0.825,63,356.830091
0.855556,52,356.888765
0.841667,57,356.952427
0.911111,32,356.988363
0.655556,124,357.128454
0.880556,43,357.176801
0.872222,46,359.137132
0.861111,50,359.194487
0.836111,59,359.261808
0.0,12,359.275832
0.0,100,359.388467
0.0,83,359.482667
0.0,13,359.497621
0.925,27,359.528531
0.852778,53,359.587945
0.0,10,359.599658
0.713889,103,359.715861
0.655556,124,359.855056
0.863889,49,359.909896
0.908333,33,359.946851
0.861111,50,360.004972
0.841667,57,360.080493
0.761111,86,360.179008
0.658333,123,360.322922
0.930556,25,360.351646
0.741667,93,360.456762
0.677778,116,360.587259
0.0,41,360.636009
0.638889,130,360.790112
0.866667,48,360.84493
0.925,27,360.876804
0.863889,49,360.93267
0.766667,84,361.027093
0.883333,42,361.074229
0.0,13,361.089324
0.891667,39,361.132955
0.877778,44,361.181873
0.85,54,361.24668
0.752778,89,361.352285
0.491667,183,363.448269
0.85,54,363.509568
0.9,36,363.550567
0.883333,42,363.597476
0.819444,65,363.671639
0.777778,80,363.761969
0.0,111,363.888522
0.877778,44,363.938566
0.861111,50,363.994791
0.841667,57,364.059402
0.755556,88,364.158549
0.863889,49,364.213842
0.561111,158,364.391894
0.797222,73,364.47525
0.0,4,364.480421
0.85,54,364.54199
0.811111,68,364.61888
0.0,24,364.646618
0.808333,69,364.723953
0.902778,35,364.763297
0.822222,64,364.835461
0.9,36,364.87618
0.936111,23,364.902742
0.0,81,364.99371
0.811111,68,365.072613
0.944444,20,365.098401
0.794444,74,365.193929
0.0,16,365.212618
0.822222,64,365.287696
0.833333,60,365.356211
0.755556,88,365.460626
0.730556,97,365.570468
0.830556,61,365.640354
0.891667,39,365.688246
0.833333,60,367.649446
0.816667,66,367.724245
0.736111,95,367.831167
0.0,4,367.83615
0.819444,65,367.920316
0.444444,200,368.148291
0.0,18,368.169015
0.872222,46,368.220864
0.0,7,368.230007
0.919444,29,368.263089
0.913889,31,368.298234
0.894444,38,368.341213
0.0,13,368.356162
0.544444,164,368.539127
0.788889,76,368.624481
0.0,18,368.645256
0.761111,86,368.741701
0.65,126,368.883023
0.858333,51,368.940185
0.794444,74,369.022891
0.0,6,369.030161
0.0,4,369.035215
0.638889,130,369.180708
0.805556,70,369.259709
0.908333,33,369.297045
0.680556,115,369.426081
0.833333,60,369.493187
0.836111,59,369.560113
0.716667,102,369.675232
0.802778,71,369.754469
0.822222,64,369.826171
0.808333,69,369.904057
0.905556,34,371.851041
0.0,23,371.878042
0.0,34,371.91749
0.836111,59,371.984048
0.836111,59,372.050067
0.825,63,372.120897
0.0,6,372.128185
0.425,207,372.36299
0.0,17,372.382474
0.863889,49,372.437411
0.819444,65,372.510894
0.0,13,372.526047
0.872222,46,372.577283
0.797222,73,372.659244
0.677778,116,372.790183
0.7,108,372.911853
0.933333,24,372.941669
0.875,45,372.997523
0.716667,102,373.117409
0.0,30,373.151497
0.655556,124,373.291476
0.763889,85,373.387141
0.886111,41,373.433065
0.0,12,373.447071
0.811111,68,373.523562
0.863889,49,373.578356
0.0,28,373.610236
0.0,14,373.626476
0.797222,73,373.708933
0.0,16,373.727527
0.0,18,373.748247
0.761111,86,373.844757
0.0,14,373.860929
0.883333,42,373.908884
0.844444,56,373.971065
0.686111,113,374.097893
0.0,4,374.102907
0.688889,112,376.123602
0.588889,148,376.297105
0.0,60,376.365297
0.905556,34,376.403938
0.869444,47,376.457163
0.0,22,376.48233
0.719444,101,376.595942
0.897222,37,376.637501
0.744444,92,376.740368
0.533333,168,376.92909
0.630556,133,377.077775
0.0,129,377.222683
0.655556,124,377.364251
0.816667,66,377.438113
0.747222,91,377.540552
0.0,29,377.573225
0.8,72,377.653855
0.683333,114,377.782267
0.883333,42,377.829709
0.788889,76,377.915453
0.841667,57,377.979827
0.875,45,378.034446
0.0,22,378.061829
0.852778,53,378.126696
0.702778,107,378.246806
0.927778,26,378.276364
0.483333,186,380.370553
0.919444,29,380.406286
0.0,36,380.449546
0.866667,48,380.508904
0.833333,60,380.631136
0.0,6,380.639541
0.919444,29,380.677319
0.0,12,380.692425
0.85,54,380.755091
0.0,76,380.841771
0.0,100,380.955974
0.861111,50,381.013777
0.0,32,381.050038
0.891667,39,381.094366
0.761111,86,381.190759
0.9,36,381.23374
0.780556,79,381.328621
0.0,12,381.342691
0.725,99,381.454641
0.761111,86,381.55238
0.880556,43,381.601169
0.908333,33,381.638542
0.0,26,381.668483
0.844444,56,381.732255
0.891667,39,381.775357
0.908333,33,381.812787
0.897222,37,381.854833
0.730556,97,381.964427
0.780556,79,382.052847
0.833333,60,382.12117
0.816667,66,382.195572
0.0,35,382.234877
0.538889,166,382.422698
0.0,34,382.462061
0.0,64,382.534658
0.875,45,382.585133
0.75,90,384.591918
0.888889,40,384.637715
0.888889,40,384.683595
0.85,54,384.744858
0.0,7,384.753235
0.797222,73,384.836281
0.866667,48,384.890999
0.830556,61,384.959144
0.0,47,385.012443
0.822222,64,385.08392
0.813889,67,385.15995
0.875,45,385.211032
0.886111,41,385.257279
0.8,72,385.339282
0.777778,80,385.432239
0.7,108,385.563551
0.638889,130,385.712664
0.877778,44,385.767084
0.825,63,385.839454
0.0,41,385.885885
0.0,4,385.890868
0.869444,47,385.943841
0.0,6,385.95111
0.869444,47,386.003652
0.672222,118,386.146649
0.852778,53,386.205999
0.0,66,386.287565
0.0,9,386.298399
0.627778,134,386.450259
0.0,16,386.468716
0.719444,101,386.582362
0.891667,39,386.62665
0.769444,83,386.721881
0.0,20,386.744914
0.891667,39,386.789108
0.655556,124,388.819667
0.733333,96,388.930107
0.766667,84,389.024922
0.797222,73,389.10857
0.730556,97,389.218395
0.752778,89,389.319212
0.769444,83,389.412868
0.822222,64,389.485749
0.822222,64,389.558536
0.8,72,389.639482
0.0,26,389.669751
0.858333,51,389.728576
0.858333,51,389.785132
0.0,25,389.814613
0.772222,82,389.906696
0.0,51,389.966874
0.827778,62,390.038462
0.830556,61,390.107105
0.788889,76,390.192278
0.816667,66,390.266651
0.694444,110,390.391509
0.805556,70,390.470309
0.672222,118,390.612777
0.875,45,390.664517
0.775,81,390.757292
0.9,36,390.798069
0.947222,19,390.822159
0.894444,38,390.866063
0.0,26,390.896378
0.0,5,390.902516
0.0,13,390.917868
0.680556,115,391.04787
0.816667,66,391.123673
0.522222,172,393.202644
0.0,5,393.208834
0.811111,68,393.286151
0.725,99,393.406921
0.922222,28,393.439203
0.758333,87,393.536629
0.0,11,393.549287
0.85,54,393.61001
0.0,12,393.624012
0.794444,74,393.707318
0.847222,55,393.768629
0.0,26,393.797831
0.783333,78,393.886171
0.897222,37,393.928589
0.0,39,393.972755
0.0,3,393.976656
0.0,21,394.000795
0.633333,132,394.14829
0.0,31,394.183369
0.636111,131,394.329629
0.0,6,394.336837
0.925,27,394.367064
0.0,22,394.391508
0.711111,104,394.507777
0.0,40,394.553102
0.0,19,394.574807
0.802778,71,394.653616
0.0,34,394.691921
0.911111,32,394.728377
0.0,30,394.762183
0.836111,59,394.827719
0.786111,77,394.913899
0.866667,48,394.967185
0.0,23,394.99318
0.0,10,395.004671
0.825,63,395.075778
0.0,124,395.215515
0.788889,76,395.300457
0.725,99,397.331393
0.8,72,397.414221
0.0,19,397.436131
0.711111,104,397.553321
0.0,14,397.570164
0.819444,65,397.643374
0.0,116,397.774007
0.866667,48,397.829465
0.805556,70,397.908571
0.772222,82,398.000072
0.822222,64,398.073251
0.772222,82,398.166014
0.911111,32,398.201893
0.0,6,398.209073
0.866667,48,398.262816
0.0,9,398.273322
0.0,324,398.649226
0.711111,104,398.766858
0.763889,85,398.862465
0.702778,107,398.982819
0.675,117,399.114793
0.713889,103,399.229678
0.0,18,399.250712
0.805556,70,399.331202
0.0,36,399.371665
0.880556,43,399.420568
0.877778,44,399.469521
0.0,23,399.495599
0.0,84,399.590153
