#{"t_start": 1770403212.6500845, "env_id": "MultiRoomEnv-v0"}
r,l,t
0.0,60,0.253467
0.0,60,0.332533
0.0,60,0.409606
0.0,60,0.481006
0.0,60,0.551129
0.0,60,0.61757
0.0,60,0.685835
0.0,60,0.753738
0.0,60,0.824282
0.0,60,0.893868
0.0,60,0.961037
0.0,60,1.027282
0.0,60,1.094626
0.0,60,1.162067
0.0,60,1.228742
0.0,60,1.295583
0.0,60,1.362307
0.0,60,1.429426
0.0,60,1.495381
0.0,60,1.561841
0.0,60,1.628854
0.0,60,1.696376
0.0,60,1.763166
0.0,60,1.830546
0.0,60,1.897814
0.0,60,1.966782
0.0,60,2.034525
0.0,60,2.100737
0.0,60,2.168267
0.0,60,2.236142
0.0,60,2.303359
0.0,60,2.370224
0.0,60,2.437529
0.0,60,2.503274
0.0,60,4.519058
0.0,60,4.586932
0.0,60,4.655239
0.0,60,4.724344
0.0,60,4.792629
0.0,60,4.86158
0.0,60,4.928015
0.0,60,4.99585
0.0,60,5.062754
0.0,60,5.132942
0.0,60,5.205503
0.0,60,5.288929
0.0,60,5.358952
0.0,60,5.433029
0.0,60,5.504938
0.0,60,5.57384
0.0,60,5.642003
0.0,60,5.709406
0.0,60,5.776968
0.0,60,5.848876
0.0,60,5.917026
0.0,60,5.986007
0.0,60,6.053675
0.0,60,6.121975
0.0,60,6.190346
0.0,60,6.258717
0.0,60,6.326134
0.0,60,6.394144
0.0,60,6.46312
0.0,60,6.531508
0.0,60,6.598659
0.0,60,6.667004
0.0,60,6.734141
0.0,60,6.802755
0.0,60,8.801609
0.0,60,8.87206
0.0,60,8.946196
0.0,60,9.016008
0.0,60,9.087111
0.0,60,9.162498
0.0,60,9.230686
0.0,60,9.298129
0.0,60,9.36616
0.0,60,9.434397
0.0,60,9.502642
0.0,60,9.570503
0.0,60,9.637691
0.0,60,9.706605
0.0,60,9.773098
0.0,60,9.841089
0.0,60,9.907739
0.0,60,9.974852
0.0,60,10.041144
0.0,60,10.10829
0.0,60,10.176891
0.0,60,10.244622
0.0,60,10.315
0.0,60,10.38771
0.0,60,10.4568
0.0,60,10.523161
0.0,60,10.594018
0.0,60,10.662494
0.0,60,10.729189
0.0,60,10.796118
0.0,60,10.864004
0.0,60,10.933358
0.0,60,10.99982
0.0,60,11.06713
0.0,60,13.056413
0.0,60,13.130315
0.0,60,13.206789
0.0,60,13.279114
0.0,60,13.348475
0.0,60,13.416236
0.0,60,13.485019
0.0,60,13.556916
0.0,60,13.629452
0.0,60,13.701468
0.0,60,13.770227
0.0,60,13.838834
0.0,60,13.90923
0.0,60,14.002037
0.0,60,14.087053
0.0,60,14.17181
0.0,60,14.250443
0.0,60,14.323364
0.0,60,14.395605
0.0,60,14.467092
0.0,60,14.537732
0.0,60,14.607185
0.0,60,14.677534
0.0,60,14.748219
0.0,60,14.81648
0.0,60,14.883672
0.0,60,14.950887
0.0,60,15.017238
0.0,60,15.084658
0.0,60,15.155225
0.0,60,15.227262
0.0,60,15.304957
0.0,60,15.385949
0.0,60,15.460955
0.0,60,17.526556
0.0,60,17.596008
0.0,60,17.664319
0.0,60,17.733407
0.0,60,17.800935
0.0,60,17.873024
0.0,60,17.946137
0.0,60,18.018211
0.0,60,18.089672
0.0,60,18.160205
0.0,60,18.229689
0.0,60,18.297011
0.0,60,18.364326
0.0,60,18.43687
0.0,60,18.507196
0.0,60,18.575937
0.0,60,18.64288
0.0,60,18.711186
0.0,60,18.778744
0.0,60,18.848342
0.0,60,18.916401
0.0,60,18.984374
0.0,60,19.05661
0.0,60,19.13976
0.0,60,19.211282
0.0,60,19.279561
0.0,60,19.346857
0.0,60,19.415894
0.0,60,19.483879
0.0,60,19.550969
0.0,60,19.618694
0.0,60,19.689589
0.0,60,19.760643
0.0,60,19.830873
0.0,60,21.901443
0.0,60,21.970335
0.0,60,22.038897
0.0,60,22.111609
0.0,60,22.188937
0.0,60,22.265898
0.0,60,22.335223
0.0,60,22.40525
0.0,60,22.473468
0.0,60,22.545699
0.0,60,22.614234
0.0,60,22.68185
0.0,60,22.751176
0.0,60,22.82427
0.0,60,22.89416
0.0,60,22.961336
0.0,60,23.028656
0.0,60,23.096592
0.0,60,23.164465
0.0,60,23.231971
0.0,60,23.298647
0.0,60,23.366201
0.0,60,23.43309
0.0,60,23.500218
0.0,60,23.566999
0.0,60,23.636435
0.0,60,23.711854
0.0,60,23.787268
0.0,60,23.857431
0.0,60,23.926443
0.0,60,23.993669
0.0,60,24.061476
0.0,60,24.139711
0.0,60,24.216978
0.0,60,26.346615
0.0,60,26.421778
0.0,60,26.492661
0.0,60,26.56269
0.0,60,26.633023
0.0,60,26.708817
0.0,60,26.782515
0.0,60,26.858606
0.0,60,26.932099
0.0,60,27.011201
0.0,60,27.092427
0.0,60,27.168787
0.0,60,27.24263
0.0,60,27.315531
0.0,60,27.386259
0.0,60,27.454502
0.0,60,27.527721
0.0,60,27.59658
0.0,60,27.663803
0.0,60,27.734163
0.0,60,27.808655
0.0,60,27.88208
0.0,60,27.955968
0.0,60,28.033859
0.0,60,28.105452
0.0,60,28.178233
0.0,60,28.249636
0.0,60,28.319994
0.0,60,28.387206
0.0,60,28.454674
0.0,60,28.522475
0.0,60,28.592648
0.0,60,28.671001
0.0,60,28.751196
0.0,60,31.113307
0.0,60,31.184358
0.0,60,31.258225
0.0,60,31.328027
0.0,60,31.397775
0.0,60,31.468361
0.0,60,31.537147
0.0,60,31.605774
0.0,60,31.674828
0.0,60,31.743507
0.0,60,31.812784
0.0,60,31.880495
0.0,60,31.946928
0.0,60,32.012894
0.0,60,32.080081
0.0,60,32.146571
0.0,60,32.212759
0.0,60,32.280292
0.0,60,32.346777
0.0,60,32.415278
0.0,60,32.481839
0.0,60,32.549762
0.0,60,32.616516
0.0,60,32.683331
0.0,60,32.749949
0.0,60,32.817096
0.0,60,32.884187
0.0,60,32.951614
0.0,60,33.017746
0.0,60,33.084618
0.0,60,33.152116
0.0,60,33.219296
0.0,60,33.285569
0.0,60,33.352489
0.0,60,33.418387
0.0,60,35.432843
0.0,60,35.500059
0.0,60,35.568024
0.0,60,35.636607
0.0,60,35.70382
0.0,60,35.785691
0.0,60,35.858831
0.0,60,35.929924
0.0,60,35.997723
0.0,60,36.066749
0.0,60,36.134543
0.0,60,36.20254
0.0,60,36.269308
0.0,60,36.337672
0.0,60,36.404578
0.0,60,36.472011
0.0,60,36.540231
0.0,60,36.608136
0.0,60,36.675726
0.0,60,36.743721
0.0,60,36.811075
0.0,60,36.878783
0.0,60,36.946413
0.0,60,37.015872
0.0,60,37.083159
0.0,60,37.149747
0.0,60,37.216628
0.0,60,37.28493
0.0,60,37.352199
0.0,60,37.419627
0.0,60,37.486413
0.0,60,37.554234
0.0,60,37.621586
0.0,60,37.688426
0.0,60,39.69576
0.0,60,39.763584
0.0,60,39.831858
0.0,60,39.900217
0.0,60,39.966844
0.0,60,40.0342
0.0,60,40.101112
0.0,60,40.170723
0.0,60,40.238685
0.0,60,40.30623
0.0,60,40.37424
0.0,60,40.441083
0.0,60,40.508644
0.0,60,40.575312
0.0,60,40.64295
0.0,60,40.710705
0.0,60,40.77793
0.0,60,40.851267
0.0,60,40.924797
0.0,60,40.993216
0.0,60,41.06085
0.0,60,41.129483
0.0,60,41.197301
0.0,60,41.265231
0.0,60,41.332821
0.0,60,41.400908
0.0,60,41.470146
0.0,60,41.53986
0.0,60,41.607293
0.0,60,41.674374
0.0,60,41.741504
0.0,60,41.809047
0.0,60,41.876466
0.0,60,41.944117
0.0,60,43.936076
0.0,60,44.004089
0.0,60,44.077081
0.0,60,44.155933
0.0,60,44.224058
0.0,60,44.291649
0.0,60,44.358472
0.0,60,44.426699
0.0,60,44.495941
0.0,60,44.572695
0.0,60,44.643401
0.0,60,44.711626
0.0,60,44.778811
0.0,60,44.846362
0.0,60,44.913454
0.0,60,44.98157
0.0,60,45.048099
0.0,60,45.115843
0.0,60,45.184803
0.0,60,45.252797
0.0,60,45.320552
0.0,60,45.387594
0.0,60,45.453497
0.0,60,45.519875
0.0,60,45.587066
0.0,60,45.655187
0.0,60,45.72237
0.0,60,45.789785
0.0,60,45.856928
0.0,60,45.929909
0.0,60,46.000879
0.0,60,46.069951
0.0,60,46.137809
0.0,60,46.205956
0.0,60,48.19352
0.0,60,48.261804
0.0,60,48.329463
0.0,60,48.39722
0.0,60,48.464968
0.0,60,48.531791
0.0,60,48.598988
0.0,60,48.665659
0.0,60,48.770322
0.0,60,48.865033
0.0,60,48.936365
0.0,60,49.004571
0.0,60,49.074767
0.0,60,49.147278
0.0,60,49.215312
0.0,60,49.283739
0.0,60,49.351043
0.0,60,49.418038
0.0,60,49.485038
0.0,60,49.552033
0.0,60,49.625919
0.0,60,49.698851
0.0,60,49.766504
0.0,60,49.833169
0.0,60,49.900473
0.0,60,49.967345
0.0,60,50.033505
0.0,60,50.099959
0.0,60,50.168741
0.0,60,50.235842
0.0,60,50.303684
0.0,60,50.371244
0.0,60,50.437864
0.0,60,50.505071
0.0,60,52.516099
0.0,60,52.584456
0.0,60,52.65267
0.0,60,52.720326
0.0,60,52.787128
0.0,60,52.854943
0.0,60,52.922463
0.0,60,52.990109
0.0,60,53.057587
0.0,60,53.124981
0.0,60,53.192048
0.0,60,53.259273
0.0,60,53.325697
0.0,60,53.392651
0.0,60,53.45927
0.0,60,53.52607
0.0,60,53.593073
0.0,60,53.661096
0.0,60,53.729059
0.0,60,53.796224
0.0,60,53.863451
0.0,60,53.931209
0.0,60,53.998147
0.0,60,54.064518
0.0,60,54.136949
0.0,60,54.205007
0.0,60,54.271883
0.0,60,54.338323
0.0,60,54.405438
0.0,60,54.472815
0.0,60,54.539361
0.0,60,54.606935
0.0,60,54.676009
0.0,60,54.74814
0.0,60,56.757088
0.0,60,56.825071
0.0,60,56.893385
0.0,60,56.960925
0.0,60,57.027864
0.0,60,57.095441
0.0,60,57.163188
0.0,60,57.230687
0.0,60,57.297596
0.0,60,57.364385
0.0,60,57.431731
0.0,60,57.498494
0.0,60,57.565406
0.0,60,57.632229
0.0,60,57.699909
0.0,60,57.766751
0.0,60,57.835434
0.0,60,57.903253
0.0,60,57.969657
0.0,60,58.036233
0.0,60,58.104078
0.0,60,58.171505
0.0,60,58.237971
0.0,60,58.305417
0.0,60,58.372166
0.0,60,58.438622
0.0,60,58.505798
0.0,60,58.572832
0.0,60,58.640129
0.0,60,58.708585
0.0,60,58.775494
0.0,60,58.842451
0.0,60,58.909415
0.0,60,58.975722
0.0,60,61.010103
0.0,60,61.090519
0.0,60,61.173112
0.0,60,61.255611
0.0,60,61.332493
0.0,60,61.407299
0.0,60,61.485285
0.0,60,61.554778
0.0,60,61.624351
0.0,60,61.693143
0.0,60,61.760123
0.0,60,61.832717
0.0,60,61.903225
0.0,60,61.978184
0.0,60,62.05436
0.0,60,62.12218
0.0,60,62.190501
0.0,60,62.25966
0.0,60,62.332213
0.0,60,62.399992
0.0,60,62.467683
0.0,60,62.540877
0.0,60,62.614346
0.0,60,62.68803
0.0,60,62.755498
0.0,60,62.822257
0.0,60,62.893019
0.0,60,62.961123
0.0,60,63.031581
0.0,60,63.102704
0.0,60,63.183475
0.0,60,63.256697
0.0,60,63.325348
0.0,60,63.392435
0.0,60,63.460285
0.0,60,65.513534
0.0,60,65.581563
0.0,60,65.649778
0.0,60,65.733194
0.0,60,65.814506
0.0,60,65.897375
0.0,60,65.966709
0.0,60,66.034951
0.0,60,66.101847
0.0,60,66.169143
0.0,60,66.237557
0.0,60,66.325577
0.0,60,66.406989
0.0,60,66.491007
0.0,60,66.56429
0.0,60,66.635192
0.0,60,66.707336
0.0,60,66.778316
0.0,60,66.855357
0.0,60,66.929482
0.0,60,66.999204
0.0,60,67.072735
0.0,60,67.146756
0.0,60,67.221621
0.0,60,67.292545
0.0,60,67.364801
0.0,60,67.436294
0.0,60,67.506005
0.0,60,67.578557
0.0,60,67.65259
0.0,60,67.726345
0.0,60,67.797075
0.0,60,67.868698
0.0,60,67.938229
0.0,60,70.288876
0.0,60,70.363333
0.0,60,70.437101
0.0,60,70.513378
0.0,60,70.588566
0.0,60,70.656962
0.0,60,70.725168
0.0,60,70.796435
0.0,60,70.865111
0.0,60,70.936942
0.0,60,71.016665
0.0,60,71.096407
0.0,60,71.167352
0.0,60,71.235052
0.0,60,71.303275
0.0,60,71.378833
0.0,60,71.455271
0.0,60,71.529969
0.0,60,71.602874
0.0,60,71.672146
0.0,60,71.740099
0.0,60,71.813417
0.0,60,71.891824
0.0,60,71.96944
0.0,60,72.039623
0.0,60,72.107575
0.0,60,72.176064
0.0,60,72.253376
0.0,60,72.334065
0.0,60,72.416017
0.0,60,72.48792
0.0,60,72.556463
0.0,60,72.625815
0.0,60,72.694723
0.0,60,74.873846
0.0,60,74.953522
0.0,60,75.034891
0.0,60,75.128228
0.0,60,75.208141
0.0,60,75.284692
0.0,60,75.359927
0.0,60,75.433838
0.0,60,75.512944
0.0,60,75.588561
0.0,60,75.662038
0.0,60,75.735083
0.0,60,75.806834
0.0,60,75.878735
0.0,60,75.948599
0.0,60,76.024781
0.0,60,76.093736
0.0,60,76.161971
0.0,60,76.232167
0.0,60,76.30075
0.0,60,76.368762
0.0,60,76.447699
0.0,60,76.531542
0.0,60,76.607131
0.0,60,76.686576
0.0,60,76.766516
0.0,60,76.884976
0.0,60,76.987575
0.0,60,77.075288
0.0,60,77.152017
0.0,60,77.224634
0.0,60,77.296371
0.0,60,77.367989
0.0,60,77.438331
0.0,60,79.508241
0.0,60,79.580974
0.0,60,79.65861
0.0,60,79.729223
0.0,60,79.79616
0.0,60,79.863204
0.0,60,79.930349
0.0,60,79.997232
0.0,60,80.064385
0.0,60,80.136436
0.0,60,80.21237
0.0,60,80.282243
0.0,60,80.349998
0.0,60,80.419994
0.0,60,80.490435
0.0,60,80.562858
0.0,60,80.630933
0.0,60,80.699517
0.0,60,80.766965
0.0,60,80.846583
0.0,60,80.928106
0.0,60,81.018571
0.0,60,81.109219
0.0,60,81.187835
0.0,60,81.257516
0.0,60,81.331478
0.0,60,81.412098
0.0,60,81.491929
0.0,60,81.58146
0.0,60,81.674373
0.0,60,81.769242
0.0,60,81.867662
0.0,60,81.967958
0.0,60,82.049971
0.0,60,84.163783
0.0,60,84.239207
0.0,60,84.31556
0.0,60,84.388644
0.0,60,84.456927
0.0,60,84.524172
0.0,60,84.592728
0.0,60,84.663768
0.0,60,84.731409
0.0,60,84.80142
0.0,60,84.873434
0.0,60,84.943354
0.0,60,85.011131
0.0,60,85.078489
0.0,60,85.147036
0.0,60,85.218666
0.0,60,85.296367
0.0,60,85.37674
0.0,60,85.477948
0.0,60,85.584276
0.0,60,85.684013
0.0,60,85.75977
0.0,60,85.828317
0.0,60,85.92747
0.0,60,86.036459
0.0,60,86.10669
0.0,60,86.216094
0.0,60,86.328431
0.0,60,86.403884
0.0,60,86.473069
0.0,60,86.541359
0.0,60,86.625753
0.0,60,86.706536
0.0,60,86.792662
0.0,60,88.924659
0.0,60,88.992434
0.0,60,89.060237
0.0,60,89.143113
0.0,60,89.21123
0.0,60,89.279385
0.0,60,89.346522
0.0,60,89.414639
0.0,60,89.482058
0.0,60,89.550408
0.0,60,89.617671
0.0,60,89.686466
0.0,60,89.752344
0.0,60,89.819444
0.0,60,89.886729
0.0,60,89.953896
0.0,60,90.020526
0.0,60,90.08897
0.0,60,90.161594
0.0,60,90.228111
0.0,60,90.299064
0.0,60,90.375356
0.0,60,90.443561
0.0,60,90.51121
0.0,60,90.577625
0.0,60,90.645407
0.0,60,90.712157
0.0,60,90.778866
0.0,60,90.846032
0.0,60,90.913267
0.0,60,90.980289
0.0,60,91.047988
0.0,60,91.114659
0.0,60,91.183029
0.0,60,93.28737
0.0,60,93.355698
0.0,60,93.424423
0.0,60,93.492856
0.0,60,93.560734
0.0,60,93.628666
0.0,60,93.695823
0.0,60,93.765509
0.0,60,93.832568
0.0,60,93.900692
0.0,60,93.967481
0.0,60,94.03462
0.0,60,94.110612
0.0,60,94.179939
0.0,60,94.24828
0.0,60,94.316104
0.0,60,94.383871
0.0,60,94.451662
0.0,60,94.519495
0.0,60,94.586143
0.0,60,94.653983
0.0,60,94.721633
0.0,60,94.78925
0.0,60,94.856537
0.0,60,94.924266
0.0,60,94.991081
0.0,60,95.058218
0.0,60,95.126349
0.0,60,95.193524
0.0,60,95.260202
0.0,60,95.328305
0.0,60,95.398225
0.0,60,95.484781
0.0,60,95.552226
0.0,60,97.61207
0.0,60,97.680843
0.0,60,97.749851
0.0,60,97.817879
0.0,60,97.886501
0.0,60,97.95506
0.0,60,98.022522
0.0,60,98.090786
0.0,60,98.158665
0.0,60,98.226089
0.0,60,98.293505
0.0,60,98.360774
0.0,60,98.427468
0.0,60,98.494862
0.0,60,98.562916
0.0,60,98.630497
0.0,60,98.697828
0.0,60,98.765638
0.0,60,98.832902
0.0,60,98.899669
0.0,60,98.967727
0.0,60,99.03586
0.0,60,99.11782
0.0,60,99.186675
0.0,60,99.254145
0.0,60,99.321813
0.0,60,99.390677
0.0,60,99.458015
0.0,60,99.526285
0.0,60,99.593054
0.0,60,99.660125
0.0,60,99.72848
0.0,60,99.796347
0.0,60,99.864103
0.0,60,99.932762
0.0,60,101.967904
0.0,60,102.037531
0.0,60,102.110702
0.0,60,102.188207
0.0,60,102.263025
0.0,60,102.333036
0.0,60,102.400797
0.0,60,102.470174
0.0,60,102.537686
0.0,60,102.60553
0.0,60,102.673078
0.0,60,102.740788
0.0,60,102.808124
0.0,60,102.875567
0.0,60,102.943025
0.0,60,103.009903
0.0,60,103.077618
0.0,60,103.145679
0.0,60,103.213235
0.0,60,103.280004
0.0,60,103.346629
0.0,60,103.413726
0.0,60,103.481165
0.0,60,103.549549
0.0,60,103.616678
0.0,60,103.690238
0.0,60,103.778929
0.0,60,103.85328
0.0,60,103.925208
0.0,60,103.995816
0.0,60,104.067879
0.0,60,104.145124
0.0,60,104.217167
0.0,60,104.28895
0.0,60,106.399825
0.0,60,106.471959
0.0,60,106.543908
0.0,60,106.619799
0.0,60,106.697079
0.0,60,106.772385
0.0,60,106.848705
0.0,60,106.920636
0.0,60,107.007855
0.0,60,107.087932
0.0,60,107.164335
0.0,60,107.245496
0.0,60,107.32182
0.0,60,107.400086
0.0,60,107.475907
0.0,60,107.560759
0.0,60,107.644929
0.0,60,107.774886
0.0,60,107.859815
0.0,60,107.94143
0.0,60,108.020523
0.0,60,108.102657
0.0,60,108.184072
0.0,60,108.257726
0.0,60,108.330811
0.0,60,108.404402
0.0,60,108.477184
0.0,60,108.548904
0.0,60,108.618994
0.0,60,108.690431
0.0,60,108.77002
0.0,60,108.846113
0.0,60,108.917798
0.0,60,108.991964
0.0,60,111.146673
0.0,60,111.22037
0.0,60,111.302317
0.0,60,111.377334
0.0,60,111.445072
0.0,60,111.513053
0.0,60,111.581767
0.0,60,111.652832
0.0,60,111.725759
0.0,60,111.798808
0.0,60,111.867914
0.0,60,111.936365
0.0,60,112.007231
0.0,60,112.079468
0.0,60,112.151285
0.0,60,112.219602
0.0,60,112.2883
0.0,60,112.359795
0.0,60,112.429496
0.0,60,112.504246
0.0,60,112.57401
0.0,60,112.645399
0.0,60,112.714252
0.0,60,112.781923
0.0,60,112.850603
0.0,60,112.91839
0.0,60,112.990121
0.0,60,113.059131
0.0,60,113.127057
0.0,60,113.197099
0.0,60,113.270956
0.0,60,113.343566
0.0,60,113.415802
0.0,60,113.486807
0.0,60,115.571127
0.0,60,115.641754
0.0,60,115.711878
0.0,60,115.786022
0.0,60,115.860704
0.0,60,115.93007
0.0,60,115.997618
0.0,60,116.063998
0.0,60,116.131097
0.0,60,116.197194
0.0,60,116.26503
0.0,60,116.334573
0.0,60,116.40546
0.0,60,116.477144
0.0,60,116.548577
0.0,60,116.617937
0.0,60,116.684892
0.0,60,116.754248
0.0,60,116.821834
0.0,60,116.889412
0.0,60,116.956131
0.0,60,117.023404
0.0,60,117.090319
0.0,60,117.167355
0.0,60,117.236586
0.0,60,117.305608
0.0,60,117.375519
0.0,60,117.444691
0.0,60,117.512846
0.0,60,117.581756
0.0,60,117.648591
0.0,60,117.714329
0.0,60,117.78105
0.0,60,117.84692
0.0,60,119.933286
0.0,60,120.001542
0.0,60,120.068578
0.0,60,120.137686
0.0,60,120.205653
0.0,60,120.272592
0.0,60,120.340123
0.0,60,120.407057
0.0,60,120.473695
0.0,60,120.540209
0.0,60,120.607637
0.0,60,120.674313
0.0,60,120.741035
0.0,60,120.806994
0.0,60,120.879037
0.0,60,120.951777
0.0,60,121.018538
0.0,60,121.086021
0.0,60,121.153121
0.0,60,121.218652
0.0,60,121.285513
0.0,60,121.352471
0.0,60,121.419265
0.0,60,121.487235
0.0,60,121.553258
0.0,60,121.620309
0.0,60,121.687668
0.0,60,121.755193
0.0,60,121.822455
0.0,60,121.890013
0.0,60,121.958309
0.0,60,122.025043
0.0,60,122.092057
0.0,60,122.161157
0.0,60,124.195563
0.0,60,124.263826
0.0,60,124.331975
0.0,60,124.399915
0.0,60,124.466187
0.0,60,124.53407
0.0,60,124.601556
0.0,60,124.669619
0.0,60,124.736898
0.0,60,124.805422
0.0,60,124.873028
0.0,60,124.939284
0.0,60,125.006097
0.0,60,125.074289
0.0,60,125.142763
0.0,60,125.211274
0.0,60,125.279072
0.0,60,125.34751
0.0,60,125.41372
0.0,60,125.480272
0.0,60,125.548353
0.0,60,125.616604
0.0,60,125.683846
0.0,60,125.751324
0.0,60,125.818524
0.0,60,125.8859
0.0,60,125.956708
0.0,60,126.030398
0.0,60,126.099128
0.0,60,126.168453
0.0,60,126.236182
0.0,60,126.303678
0.0,60,126.369897
0.0,60,126.437198
0.0,60,128.461098
0.0,60,128.530684
0.0,60,128.59932
0.0,60,128.666858
0.0,60,128.734793
0.0,60,128.802996
0.0,60,128.869739
0.0,60,128.936711
0.0,60,129.003195
0.0,60,129.070941
0.0,60,129.150293
0.0,60,129.220076
0.0,60,129.288169
0.0,60,129.356253
0.0,60,129.424396
0.0,60,129.490288
0.0,60,129.557359
0.0,60,129.624665
0.0,60,129.691933
0.0,60,129.758613
0.0,60,129.827238
0.0,60,129.894963
0.0,60,129.962122
0.0,60,130.030978
0.0,60,130.098988
0.0,60,130.168968
0.0,60,130.237034
0.0,60,130.304337
0.0,60,130.371516
0.0,60,130.438321
0.0,60,130.50673
0.0,60,130.573186
0.0,60,130.639519
0.0,60,130.706692
0.0,60,130.774458
0.0,60,132.808693
0.0,60,132.876354
0.0,60,132.943909
0.0,60,133.014598
0.0,60,133.081389
0.0,60,133.149014
0.0,60,133.216443
0.0,60,133.284124
0.0,60,133.350142
0.0,60,133.41881
0.0,60,133.485964
0.0,60,133.55389
0.0,60,133.62065
0.0,60,133.688555
0.0,60,133.755016
0.0,60,133.823056
0.0,60,133.89097
0.0,60,133.958964
0.0,60,134.026208
0.0,60,134.097384
0.0,60,134.168548
0.0,60,134.236888
0.0,60,134.304762
0.0,60,134.371891
0.0,60,134.439681
0.0,60,134.506963
0.0,60,134.574865
0.0,60,134.64334
0.0,60,134.710312
0.0,60,134.778168
0.0,60,134.845484
0.0,60,134.912592
0.0,60,134.98007
0.0,60,135.047784
0.0,60,137.060035
0.0,60,137.128564
0.0,60,137.197059
0.0,60,137.264818
0.0,60,137.332609
0.0,60,137.39998
0.0,60,137.474243
0.0,60,137.549669
0.0,60,137.617362
0.0,60,137.685919
0.0,60,137.753923
0.0,60,137.822322
0.0,60,137.890784
0.0,60,137.957797
0.0,60,138.024703
0.0,60,138.093618
0.0,60,138.162046
0.0,60,138.229506
0.0,60,138.296801
0.0,60,138.36421
0.0,60,138.431185
0.0,60,138.498571
0.0,60,138.566017
0.0,60,138.632464
0.0,60,138.700194
0.0,60,138.767812
0.0,60,138.835646
0.0,60,138.903095
0.0,60,138.969735
0.0,60,139.036927
0.0,60,139.109941
0.0,60,139.178397
0.0,60,139.246072
0.0,60,139.314035
0.0,60,141.321878
0.0,60,141.390927
0.0,60,141.458837
0.0,60,141.526716
0.0,60,141.593865
0.0,60,141.661696
0.0,60,141.729401
0.0,60,141.797568
0.0,60,141.86575
0.0,60,141.933264
0.0,60,142.001198
0.0,60,142.068016
0.0,60,142.136762
0.0,60,142.203493
0.0,60,142.270507
0.0,60,142.337776
0.0,60,142.405289
0.0,60,142.472879
0.0,60,142.544053
0.0,60,142.620375
0.0,60,142.688172
0.0,60,142.756392
0.0,60,142.823512
0.0,60,142.892238
0.0,60,142.958888
0.0,60,143.026256
0.0,60,143.093373
0.0,60,143.16233
0.0,60,143.229694
0.0,60,143.296925
0.0,60,143.364574
0.0,60,143.432265
0.0,60,143.499192
0.0,60,143.567092
0.0,60,145.566898
0.0,60,145.63406
0.0,60,145.702434
0.0,60,145.769322
0.0,60,145.836751
0.0,60,145.904399
0.0,60,145.971581
0.0,60,146.039358
0.0,60,146.10666
0.0,60,146.17383
0.0,60,146.240758
0.0,60,146.310737
0.0,60,146.383822
0.0,60,146.452323
0.0,60,146.519436
0.0,60,146.586455
0.0,60,146.652741
0.0,60,146.719657
0.0,60,146.786047
0.0,60,146.853326
0.0,60,146.91959
0.0,60,146.986052
0.0,60,147.05396
0.0,60,147.120751
0.0,60,147.187953
0.0,60,147.254923
0.0,60,147.322109
0.0,60,147.388469
0.0,60,147.45504
0.0,60,147.522139
0.0,60,147.58918
0.0,60,147.667474
0.0,60,147.736975
0.0,60,147.805768
0.0,60,149.843072
0.0,60,149.911189
0.0,60,149.979616
0.0,60,150.048732
0.0,60,150.116077
0.0,60,150.186644
0.0,60,150.25772
0.0,60,150.326202
0.0,60,150.39268
0.0,60,150.459447
0.0,60,150.527511
0.0,60,150.604667
0.0,60,150.720844
0.0,60,150.835346
0.0,60,150.947302
0.0,60,151.040832
0.0,60,151.157407
0.0,60,151.267567
0.0,60,151.364965
0.0,60,151.498529
0.0,60,151.584519
0.0,60,151.66348
0.0,60,151.73774
0.0,60,151.810776
0.0,60,151.881593
0.0,60,151.952879
0.0,60,152.026664
0.0,60,152.113492
0.0,60,152.188826
0.0,60,152.269919
0.0,60,152.342887
0.0,60,152.413402
0.0,60,152.498628
0.0,60,152.58901
0.0,60,154.886373
0.0,60,154.959958
0.0,60,155.032798
0.0,60,155.102589
0.0,60,155.174188
0.0,60,155.262015
0.0,60,155.351044
0.0,60,155.424543
0.0,60,155.492802
0.0,60,155.563967
0.0,60,155.639029
0.0,60,155.722124
0.0,60,155.798912
0.0,60,155.873074
0.0,60,155.955978
0.0,60,156.03866
0.0,60,156.111833
0.0,60,156.188965
0.0,60,156.26102
0.0,60,156.333912
0.0,60,156.40837
0.0,60,156.483215
0.0,60,156.561619
0.0,60,156.634349
0.0,60,156.702981
0.0,60,156.772804
0.0,60,156.840788
0.0,60,156.915021
0.0,60,156.999779
0.0,60,157.076957
0.0,60,157.146244
0.0,60,157.214461
0.0,60,157.288638
0.0,60,157.36562
0.0,60,159.603428
0.0,60,159.672664
0.0,60,159.743457
0.0,60,159.811553
0.0,60,159.880297
0.0,60,159.954176
0.0,60,160.030267
0.0,60,160.100324
0.0,60,160.170491
0.0,60,160.239537
0.0,60,160.308528
0.0,60,160.375611
0.0,60,160.445627
0.0,60,160.521573
0.0,60,160.617438
0.0,60,160.707793
0.0,60,160.79355
0.0,60,160.881673
0.0,60,160.971758
0.0,60,161.064919
0.0,60,161.152858
0.0,60,161.224412
0.0,60,161.296607
0.0,60,161.36534
0.0,60,161.440561
0.0,60,161.513315
0.0,60,161.592016
0.0,60,161.672249
0.0,60,161.748391
0.0,60,161.824321
0.0,60,161.89738
0.0,60,161.975457
0.0,60,162.050146
0.0,60,162.12277
0.0,60,164.332728
0.0,60,164.40608
0.0,60,164.481958
0.0,60,164.557026
0.0,60,164.634077
0.0,60,164.709477
0.0,60,164.782936
0.0,60,164.858189
0.0,60,164.934505
0.0,60,165.008803
0.0,60,165.083112
0.0,60,165.160614
0.0,60,165.236324
0.0,60,165.310353
0.0,60,165.384956
0.0,60,165.459272
0.0,60,165.527665
0.0,60,165.595689
0.0,60,165.667921
0.0,60,165.738799
0.0,60,165.809208
0.0,60,165.881913
0.0,60,165.96404
0.0,60,166.038148
0.0,60,166.108566
0.0,60,166.184264
0.0,60,166.263076
0.0,60,166.33926
0.0,60,166.41331
0.0,60,166.482486
0.0,60,166.549097
0.0,60,166.620993
0.0,60,166.693762
0.0,60,166.76963
0.0,60,166.838727
0.0,60,169.008209
0.0,60,169.088058
0.0,60,169.169133
0.0,60,169.239305
0.0,60,169.310328
0.0,60,169.379094
0.0,60,169.449242
0.0,60,169.519546
0.0,60,169.590402
0.0,60,169.66164
0.0,60,169.730125
0.0,60,169.798221
0.0,60,169.866205
0.0,60,169.936851
0.0,60,170.00678
0.0,60,170.074968
0.0,60,170.147049
0.0,60,170.216192
0.0,60,170.284716
0.0,60,170.354946
0.0,60,170.422785
0.0,60,170.490812
0.0,60,170.56179
0.0,60,170.630724
0.0,60,170.699853
0.0,60,170.771545
0.0,60,170.840448
0.0,60,170.908536
0.0,60,170.976965
0.0,60,171.044724
0.0,60,171.113786
0.0,60,171.18065
0.0,60,171.253095
0.0,60,171.322987
0.0,60,173.499615
0.0,60,173.58545
0.0,60,173.654169
0.0,60,173.726177
0.0,60,173.79493
0.0,60,173.868072
0.0,60,173.939756
0.0,60,174.007901
0.0,60,174.07757
0.0,60,174.15261
0.0,60,174.220682
0.0,60,174.288545
0.0,60,174.359975
0.0,60,174.42857
0.0,60,174.496866
0.0,60,174.570274
0.0,60,174.6399
0.0,60,174.708999
0.0,60,174.783748
0.0,60,174.853406
0.0,60,174.921696
0.0,60,174.992712
0.0,60,175.064938
0.0,60,175.139736
0.0,60,175.214983
0.0,60,175.284444
0.0,60,175.35951
0.0,60,175.431231
0.0,60,175.504132
0.0,60,175.57195
0.0,60,175.641074
0.0,60,175.715021
0.0,60,175.782738
0.0,60,175.850324
0.0,60,177.910542
0.0,60,177.981714
0.0,60,178.060625
0.0,60,178.129807
0.0,60,178.201818
0.0,60,178.283693
0.0,60,178.356924
0.0,60,178.429761
0.0,60,178.548417
0.0,60,178.646003
0.0,60,178.72499
0.0,60,178.800872
0.0,60,178.875479
0.0,60,178.94371
0.0,60,179.012122
0.0,60,179.087646
0.0,60,179.165778
0.0,60,179.239896
0.0,60,179.309762
0.0,60,179.381439
0.0,60,179.45418
0.0,60,179.531633
0.0,60,179.600788
0.0,60,179.669933
0.0,60,179.748164
0.0,60,179.823899
0.0,60,179.893378
0.0,60,179.9704
0.0,60,180.038741
0.0,60,180.109231
0.0,60,180.190021
0.0,60,180.261647
0.0,60,180.331741
0.0,60,180.398899
0.0,60,182.472087
0.0,60,182.541552
0.0,60,182.609955
0.0,60,182.679524
0.0,60,182.748649
0.0,60,182.817073
0.0,60,182.884832
0.0,60,182.95606
0.0,60,183.023427
0.0,60,183.092794
0.0,60,183.159876
0.0,60,183.228205
0.0,60,183.302774
0.0,60,183.381274
0.0,60,183.460119
0.0,60,183.545751
0.0,60,183.622269
0.0,60,183.705569
0.0,60,183.789746
0.0,60,183.861175
0.0,60,183.941664
0.0,60,184.009946
0.0,60,184.081041
0.0,60,184.152886
0.0,60,184.227503
0.0,60,184.303787
0.0,60,184.372508
0.0,60,184.453195
0.0,60,184.525289
0.0,60,184.593505
0.0,60,184.660709
0.0,60,184.729123
0.0,60,184.796286
0.0,60,184.878469
0.0,60,186.947093
0.0,60,187.015497
0.0,60,187.094065
0.0,60,187.16575
0.0,60,187.234487
0.0,60,187.308802
0.0,60,187.377464
0.0,60,187.444082
0.0,60,187.514352
0.0,60,187.580207
0.0,60,187.647473
0.0,60,187.714773
0.0,60,187.782054
0.0,60,187.852784
0.0,60,187.920097
0.0,60,187.987386
0.0,60,188.054377
0.0,60,188.123393
0.0,60,188.190631
0.0,60,188.257375
0.0,60,188.329037
0.0,60,188.412503
0.0,60,188.503451
0.0,60,188.594913
0.0,60,188.682943
0.0,60,188.764036
0.0,60,188.845025
0.0,60,188.917855
0.0,60,188.999707
0.0,60,189.07567
0.0,60,189.153625
0.0,60,189.224181
0.0,60,189.291286
0.0,60,189.362657
0.0,60,191.699357
0.0,60,191.777887
0.0,60,191.854536
0.0,60,191.928188
0.0,60,192.001391
0.0,60,192.075481
0.0,60,192.152215
0.0,60,192.230001
0.0,60,192.306624
0.0,60,192.378857
0.0,60,192.448116
0.0,60,192.516889
0.0,60,192.585276
0.0,60,192.652928
0.0,60,192.721114
0.0,60,192.788236
0.0,60,192.856881
0.0,60,192.923805
0.0,60,192.991028
0.0,60,193.058062
0.0,60,193.125759
0.0,60,193.192506
0.0,60,193.259768
0.0,60,193.325855
0.0,60,193.393006
0.0,60,193.46595
0.0,60,193.54867
0.0,60,193.623508
0.0,60,193.703588
0.0,60,193.778775
0.0,60,193.851204
0.0,60,193.920995
0.0,60,193.987787
0.0,60,194.055173
0.0,60,196.056347
0.0,60,196.124196
0.0,60,196.191523
0.0,60,196.258336
0.0,60,196.325829
0.0,60,196.393076
0.0,60,196.460089
0.0,60,196.526522
0.0,60,196.593255
0.0,60,196.659398
0.0,60,196.726136
0.0,60,196.792756
0.0,60,196.860759
0.0,60,196.92822
0.0,60,196.994808
0.0,60,197.061143
0.0,60,197.128593
0.0,60,197.196106
0.0,60,197.272212
0.0,60,197.343174
0.0,60,197.410437
0.0,60,197.478354
0.0,60,197.544939
0.0,60,197.611863
0.0,60,197.678769
0.0,60,197.745504
0.0,60,197.8126
0.0,60,197.880582
0.0,60,197.947381
0.0,60,198.014243
0.0,60,198.081199
0.0,60,198.147993
0.0,60,198.21433
0.0,60,198.280935
0.0,60,198.347898
0.0,60,200.398566
0.0,60,200.466949
0.0,60,200.534664
0.0,60,200.601508
0.0,60,200.667608
0.0,60,200.733294
0.0,60,200.799628
0.0,60,200.865476
0.0,60,200.931829
0.0,60,200.999017
0.0,60,201.065612
0.0,60,201.131992
0.0,60,201.198824
0.0,60,201.265867
0.0,60,201.333171
0.0,60,201.399019
0.0,60,201.466092
0.0,60,201.532916
0.0,60,201.599514
0.0,60,201.665906
0.0,60,201.732605
0.0,60,201.799438
0.0,60,201.865527
0.0,60,201.931698
0.0,60,201.997417
0.0,60,202.064611
0.0,60,202.131626
0.0,60,202.198498
0.0,60,202.264923
0.0,60,202.336102
0.0,60,202.409187
0.0,60,202.476852
0.0,60,202.544526
0.0,60,202.611248
0.0,60,204.68661
0.0,60,204.762064
0.0,60,204.835876
0.0,60,204.907421
0.0,60,204.976665
0.0,60,205.045025
0.0,60,205.114473
0.0,60,205.186263
0.0,60,205.256864
0.0,60,205.325046
0.0,60,205.392951
0.0,60,205.484364
0.0,60,205.596711
0.0,60,205.678959
0.0,60,205.76193
0.0,60,205.84196
0.0,60,205.91908
0.0,60,205.990687
0.0,60,206.060009
0.0,60,206.128426
0.0,60,206.198114
0.0,60,206.26606
0.0,60,206.334452
0.0,60,206.402066
0.0,60,206.470916
0.0,60,206.540088
0.0,60,206.607745
0.0,60,206.675195
0.0,60,206.743259
0.0,60,206.810525
0.0,60,206.879272
0.0,60,206.947569
0.0,60,207.016578
0.0,60,207.084562
0.0,60,209.218469
0.0,60,209.291127
0.0,60,209.365033
0.0,60,209.434074
0.0,60,209.503601
0.0,60,209.587896
0.0,60,209.66102
0.0,60,209.733999
0.0,60,209.802217
0.0,60,209.874551
0.0,60,209.944489
0.0,60,210.013274
0.0,60,210.082341
0.0,60,210.152634
0.0,60,210.223117
0.0,60,210.295106
0.0,60,210.367008
0.0,60,210.436981
0.0,60,210.504847
0.0,60,210.573169
0.0,60,210.640896
0.0,60,210.710554
0.0,60,210.79314
0.0,60,210.861718
0.0,60,210.930259
0.0,60,210.99923
0.0,60,211.068109
0.0,60,211.147361
0.0,60,211.230483
0.0,60,211.304318
0.0,60,211.37724
0.0,60,211.451556
0.0,60,211.524705
0.0,60,211.594355
0.0,60,213.808346
0.0,60,213.887069
0.0,60,213.963274
0.0,60,214.037314
0.0,60,214.124979
0.0,60,214.202793
0.0,60,214.277459
0.0,60,214.348475
0.0,60,214.417733
0.0,60,214.488432
0.0,60,214.555511
0.0,60,214.622477
0.0,60,214.689329
0.0,60,214.760833
0.0,60,214.828952
0.0,60,214.898835
0.0,60,214.969371
0.0,60,215.036804
0.0,60,215.105442
0.0,60,215.175863
0.0,60,215.243492
0.0,60,215.311974
0.0,60,215.380574
0.0,60,215.447665
0.0,60,215.514685
0.0,60,215.581946
0.0,60,215.651658
0.0,60,215.744776
0.0,60,215.836213
0.0,60,215.962773
0.0,60,216.042803
0.0,60,216.112458
0.0,60,216.183675
0.0,60,216.254593
0.0,60,218.38223
0.0,60,218.451584
0.0,60,218.519929
0.0,60,218.586985
0.0,60,218.65324
0.0,60,218.722975
0.0,60,218.796996
0.0,60,218.868922
0.0,60,218.944547
0.0,60,219.017987
0.0,60,219.094928
0.0,60,219.171883
0.0,60,219.240805
0.0,60,219.30991
0.0,60,219.380471
0.0,60,219.451906
0.0,60,219.523815
0.0,60,219.59288
0.0,60,219.661332
0.0,60,219.729442
0.0,60,219.797373
0.0,60,219.870583
0.0,60,219.946885
0.0,60,220.019234
0.0,60,220.091846
0.0,60,220.168011
0.0,60,220.236276
0.0,60,220.304911
0.0,60,220.374339
0.0,60,220.442272
0.0,60,220.513263
0.0,60,220.580748
0.0,60,220.651631
0.0,60,220.719771
0.0,60,222.897911
0.0,60,222.969416
0.0,60,223.037633
0.0,60,223.107239
0.0,60,223.190712
0.0,60,223.295356
0.0,60,223.384662
0.0,60,223.457886
0.0,60,223.531698
0.0,60,223.603578
0.0,60,223.675965
0.0,60,223.747674
0.0,60,223.820744
0.0,60,223.894196
0.0,60,223.966511
0.0,60,224.049706
0.0,60,224.136786
0.0,60,224.214846
0.0,60,224.290138
0.0,60,224.363252
0.0,60,224.437027
0.0,60,224.506893
0.0,60,224.57553
0.0,60,224.645376
0.0,60,224.715705
0.0,60,224.785121
0.0,60,224.859012
0.0,60,224.933434
0.0,60,225.011128
0.0,60,225.080954
0.0,60,225.150118
0.0,60,225.2226
0.0,60,225.294578
0.0,60,225.365941
0.0,60,227.474059
0.0,60,227.54564
0.0,60,227.616001
0.0,60,227.68902
0.0,60,227.758993
0.0,60,227.83777
0.0,60,227.919995
0.0,60,228.001118
0.0,60,228.079234
0.0,60,228.151919
0.0,60,228.222199
0.0,60,228.292506
0.0,60,228.364662
0.0,60,228.435858
0.0,60,228.506269
0.0,60,228.574399
0.0,60,228.64462
0.0,60,228.716587
0.0,60,228.805069
0.0,60,228.922035
0.0,60,229.004318
0.0,60,229.092196
0.0,60,229.180247
0.0,60,229.256235
0.0,60,229.330126
0.0,60,229.403072
0.0,60,229.477613
0.0,60,229.549493
0.0,60,229.620565
0.0,60,229.689786
0.0,60,229.762483
0.0,60,229.835472
0.0,60,229.90503
0.0,60,229.972955
0.0,60,232.236381
0.0,60,232.307988
0.0,60,232.377644
0.0,60,232.44633
0.0,60,232.513594
0.0,60,232.581825
0.0,60,232.650218
0.0,60,232.73356
0.0,60,232.836185
0.0,60,232.943182
0.0,60,233.015887
0.0,60,233.084569
0.0,60,233.151831
0.0,60,233.222133
0.0,60,233.290236
0.0,60,233.359679
0.0,60,233.431231
0.0,60,233.501189
0.0,60,233.571353
0.0,60,233.64013
0.0,60,233.711951
0.0,60,233.782807
0.0,60,233.855356
0.0,60,233.930237
0.0,60,234.004358
0.0,60,234.076417
0.0,60,234.154068
0.0,60,234.228704
0.0,60,234.299114
0.0,60,234.368024
0.0,60,234.435251
0.0,60,234.505357
0.0,60,234.576332
0.0,60,234.648481
0.0,60,234.734676
0.0,60,236.839145
0.0,60,236.90752
0.0,60,236.974794
0.0,60,237.041564
0.0,60,237.108703
0.0,60,237.175968
0.0,60,237.24387
0.0,60,237.312196
0.0,60,237.379578
0.0,60,237.446918
0.0,60,237.513551
0.0,60,237.581653
0.0,60,237.649076
0.0,60,237.71757
0.0,60,237.789438
0.0,60,237.855366
0.0,60,237.923491
0.0,60,237.997121
0.0,60,238.07008
0.0,60,238.139492
0.0,60,238.206084
0.0,60,238.273125
0.0,60,238.340629
0.0,60,238.408469
0.0,60,238.475565
0.0,60,238.543121
0.0,60,238.608884
0.0,60,238.676543
0.0,60,238.743534
0.0,60,238.810927
0.0,60,238.877537
0.0,60,238.945295
0.0,60,239.012003
0.0,60,239.080768
0.0,60,241.174785
0.0,60,241.242186
0.0,60,241.310634
0.0,60,241.379213
0.0,60,241.447923
0.0,60,241.516477
0.0,60,241.58553
0.0,60,241.653868
0.0,60,241.723963
0.0,60,241.792866
0.0,60,241.862081
0.0,60,241.936445
0.0,60,242.012032
0.0,60,242.084472
0.0,60,242.153519
0.0,60,242.224396
0.0,60,242.296788
0.0,60,242.368546
0.0,60,242.440408
0.0,60,242.514001
0.0,60,242.591975
0.0,60,242.662472
0.0,60,242.731358
0.0,60,242.799957
0.0,60,242.867495
0.0,60,242.935493
0.0,60,243.003237
0.0,60,243.077678
0.0,60,243.150682
0.0,60,243.223095
0.0,60,243.310327
0.0,60,243.437238
0.0,60,243.557249
0.0,60,243.62949
0.0,60,245.728838
0.0,60,245.798586
0.0,60,245.867163
0.0,60,245.936531
0.0,60,246.009207
0.0,60,246.078747
0.0,60,246.15092
0.0,60,246.22926
0.0,60,246.299613
0.0,60,246.369728
0.0,60,246.437008
0.0,60,246.504189
0.0,60,246.573187
0.0,60,246.642089
0.0,60,246.709849
0.0,60,246.778231
0.0,60,246.846731
0.0,60,246.91647
0.0,60,246.990117
0.0,60,247.06259
0.0,60,247.131295
0.0,60,247.200694
0.0,60,247.267997
0.0,60,247.33629
0.0,60,247.408241
0.0,60,247.476623
0.0,60,247.544878
0.0,60,247.616376
0.0,60,247.685287
0.0,60,247.758396
0.0,60,247.827982
0.0,60,247.896122
0.0,60,247.964938
0.0,60,248.033549
0.0,60,250.265601
0.0,60,250.335331
0.0,60,250.403903
0.0,60,250.471626
0.0,60,250.538773
0.0,60,250.607383
0.0,60,250.674297
0.0,60,250.740947
0.0,60,250.808515
0.0,60,250.87527
0.0,60,250.943332
0.0,60,251.009701
0.0,60,251.078274
0.0,60,251.145384
0.0,60,251.212977
0.0,60,251.281696
0.0,60,251.350589
0.0,60,251.418522
0.0,60,251.485537
0.0,60,251.552716
0.0,60,251.619987
0.0,60,251.686751
0.0,60,251.753591
0.0,60,251.82064
0.0,60,251.890303
0.0,60,251.957615
0.0,60,252.024615
0.0,60,252.090538
0.0,60,252.158185
0.0,60,252.225381
0.0,60,252.291693
0.0,60,252.361122
0.0,60,252.42899
0.0,60,252.495525
0.0,60,254.507419
0.0,60,254.583163
0.0,60,254.652029
0.0,60,254.719164
0.0,60,254.787164
0.0,60,254.856278
0.0,60,254.924304
0.0,60,254.99225
0.0,60,255.059964
0.0,60,255.128315
0.0,60,255.198774
0.0,60,255.266468
0.0,60,255.33357
0.0,60,255.401213
0.0,60,255.468717
0.0,60,255.535759
0.0,60,255.603296
0.0,60,255.669087
0.0,60,255.737085
0.0,60,255.804808
0.0,60,255.872327
0.0,60,255.938187
0.0,60,256.005298
0.0,60,256.072811
0.0,60,256.140397
0.0,60,256.206386
0.0,60,256.273081
0.0,60,256.339987
0.0,60,256.407638
0.0,60,256.474854
0.0,60,256.541723
0.0,60,256.608857
0.0,60,256.676395
0.0,60,256.74282
0.0,60,258.749942
0.0,60,258.817817
0.0,60,258.892218
0.0,60,258.970236
0.0,60,259.045516
0.0,60,259.116718
0.0,60,259.18694
0.0,60,259.255741
0.0,60,259.330841
0.0,60,259.400198
0.0,60,259.467692
0.0,60,259.535393
0.0,60,259.604045
0.0,60,259.679752
0.0,60,259.747474
0.0,60,259.816063
0.0,60,259.884196
0.0,60,259.952624
0.0,60,260.019432
0.0,60,260.087344
0.0,60,260.156129
0.0,60,260.226705
0.0,60,260.301266
0.0,60,260.387984
0.0,60,260.476975
0.0,60,260.549767
0.0,60,260.620386
0.0,60,260.690788
0.0,60,260.760379
0.0,60,260.829564
0.0,60,260.898821
0.0,60,260.967663
0.0,60,261.037034
0.0,60,261.117292
0.0,60,263.581843
0.0,60,263.653534
0.0,60,263.728257
0.0,60,263.801256
0.0,60,263.879926
0.0,60,263.955652
0.0,60,264.033638
0.0,60,264.135723
0.0,60,264.225593
0.0,60,264.306827
0.0,60,264.388241
0.0,60,264.466464
0.0,60,264.547723
0.0,60,264.631017
0.0,60,264.714111
0.0,60,264.796528
0.0,60,264.874626
0.0,60,264.957061
0.0,60,265.03609
0.0,60,265.116645
0.0,60,265.198118
0.0,60,265.272871
0.0,60,265.350307
0.0,60,265.428311
0.0,60,265.501855
0.0,60,265.574196
0.0,60,265.65571
0.0,60,265.734073
0.0,60,265.812525
0.0,60,265.888588
0.0,60,265.963517
0.0,60,266.034164
0.0,60,266.105412
0.0,60,266.17753
0.0,60,266.248461
0.0,60,268.486778
0.0,60,268.560827
0.0,60,268.637122
0.0,60,268.710535
0.0,60,268.786265
0.0,60,268.863604
0.0,60,268.935433
0.0,60,269.004939
0.0,60,269.07771
0.0,60,269.153759
0.0,60,269.222561
0.0,60,269.295338
0.0,60,269.366586
0.0,60,269.436767
0.0,60,269.506682
0.0,60,269.578986
0.0,60,269.651567
0.0,60,269.727349
0.0,60,269.813578
0.0,60,269.896427
0.0,60,269.975732
0.0,60,270.054023
0.0,60,270.126977
0.0,60,270.198453
0.0,60,270.276555
0.0,60,270.362607
0.0,60,270.44408
0.0,60,270.518461
0.0,60,270.58827
0.0,60,270.659017
0.0,60,270.730862
0.0,60,270.801304
0.0,60,270.870166
0.0,60,270.946208
0.0,60,273.078872
0.0,60,273.14821
0.0,60,273.221114
0.0,60,273.294263
0.0,60,273.367945
0.0,60,273.442019
0.0,60,273.515472
0.0,60,273.586052
0.0,60,273.661937
0.0,60,273.735715
0.0,60,273.812361
0.0,60,273.882722
0.0,60,273.957411
0.0,60,274.029641
0.0,60,274.103862
0.0,60,274.179047
0.0,60,274.251341
0.0,60,274.320994
0.0,60,274.389982
0.0,60,274.459236
0.0,60,274.530658
0.0,60,274.600477
0.0,60,274.667992
0.0,60,274.739987
0.0,60,274.810262
0.0,60,274.887456
0.0,60,274.962208
0.0,60,275.032697
0.0,60,275.101576
0.0,60,275.173139
0.0,60,275.243197
0.0,60,275.312145
0.0,60,275.379301
0.0,60,275.44954
0.0,60,277.725109
0.0,60,277.793912
0.0,60,277.863643
0.0,60,277.932088
0.0,60,277.999174
0.0,60,278.066452
0.0,60,278.134917
0.0,60,278.204912
0.0,60,278.276459
0.0,60,278.3804
0.0,60,278.469084
0.0,60,278.539286
0.0,60,278.608277
0.0,60,278.675806
0.0,60,278.751899
0.0,60,278.826325
0.0,60,278.89412
0.0,60,278.964265
0.0,60,279.032875
0.0,60,279.109981
0.0,60,279.183289
0.0,60,279.253959
0.0,60,279.321274
0.0,60,279.391104
0.0,60,279.465819
0.0,60,279.539473
0.0,60,279.617045
0.0,60,279.70795
0.0,60,279.786368
0.0,60,279.860059
0.0,60,279.93183
0.0,60,280.010096
0.0,60,280.080924
0.0,60,280.15606
0.0,60,282.334987
0.0,60,282.414542
0.0,60,282.487343
0.0,60,282.561512
0.0,60,282.630525
0.0,60,282.697459
0.0,60,282.764576
0.0,60,282.832356
0.0,60,282.900025
0.0,60,282.968557
0.0,60,283.035856
0.0,60,283.108592
0.0,60,283.18173
0.0,60,283.250576
0.0,60,283.322392
0.0,60,283.391729
0.0,60,283.464413
0.0,60,283.536541
0.0,60,283.60544
0.0,60,283.67638
0.0,60,283.750482
0.0,60,283.828045
0.0,60,283.903703
0.0,60,283.976629
0.0,60,284.046724
0.0,60,284.121439
0.0,60,284.193465
0.0,60,284.263287
0.0,60,284.331727
0.0,60,284.400488
0.0,60,284.470411
0.0,60,284.537985
0.0,60,284.606599
0.0,60,284.673917
0.0,60,286.858191
0.0,60,286.929418
0.0,60,287.00191
0.0,60,287.070085
0.0,60,287.137004
0.0,60,287.204749
0.0,60,287.272455
0.0,60,287.34147
0.0,60,287.41467
0.0,60,287.489181
0.0,60,287.562883
0.0,60,287.633968
0.0,60,287.706821
0.0,60,287.779443
0.0,60,287.85181
0.0,60,287.931983
0.0,60,288.008822
0.0,60,288.078297
0.0,60,288.146304
0.0,60,288.212772
0.0,60,288.288751
0.0,60,288.373513
0.0,60,288.454574
0.0,60,288.523861
0.0,60,288.593179
0.0,60,288.661505
0.0,60,288.732218
0.0,60,288.817494
0.0,60,288.957234
0.0,60,289.037833
0.0,60,289.110587
0.0,60,289.182638
0.0,60,289.251865
0.0,60,289.325347
0.0,60,291.493221
0.0,60,291.56154
0.0,60,291.630592
0.0,60,291.70498
0.0,60,291.777043
0.0,60,291.850915
0.0,60,291.920234
0.0,60,291.988948
0.0,60,292.058923
0.0,60,292.129556
0.0,60,292.196968
0.0,60,292.265234
0.0,60,292.332877
0.0,60,292.41225
0.0,60,292.484169
0.0,60,292.55598
0.0,60,292.624452
0.0,60,292.693116
0.0,60,292.760412
0.0,60,292.828784
0.0,60,292.895826
0.0,60,292.96787
0.0,60,293.041747
0.0,60,293.116106
0.0,60,293.187091
0.0,60,293.259897
0.0,60,293.329732
0.0,60,293.401759
0.0,60,293.473451
0.0,60,293.542221
0.0,60,293.609432
0.0,60,293.677401
0.0,60,293.745164
0.0,60,293.815103
0.0,60,295.978646
0.0,60,296.057172
0.0,60,296.132134
0.0,60,296.201937
0.0,60,296.271626
0.0,60,296.345054
0.0,60,296.416339
0.0,60,296.486658
0.0,60,296.555481
0.0,60,296.623517
0.0,60,296.691687
0.0,60,296.762958
0.0,60,296.835062
0.0,60,296.907737
0.0,60,296.979815
0.0,60,297.048539
0.0,60,297.122679
0.0,60,297.194543
0.0,60,297.26553
0.0,60,297.333557
0.0,60,297.401914
0.0,60,297.470047
0.0,60,297.537278
0.0,60,297.608329
0.0,60,297.685576
0.0,60,297.7734
0.0,60,297.852078
0.0,60,297.92881
0.0,60,297.99893
0.0,60,298.067668
0.0,60,298.13481
0.0,60,298.204691
0.0,60,298.273502
0.0,60,298.343855
0.0,60,300.526504
0.0,60,300.605641
0.0,60,300.68448
0.0,60,300.759651
0.0,60,300.833831
0.0,60,300.905367
0.0,60,300.974865
0.0,60,301.042344
0.0,60,301.110255
0.0,60,301.190914
0.0,60,301.26233
0.0,60,301.332437
0.0,60,301.405314
0.0,60,301.477725
0.0,60,301.553496
0.0,60,301.627506
0.0,60,301.702639
0.0,60,301.778901
0.0,60,301.849527
0.0,60,301.916643
0.0,60,301.98479
0.0,60,302.053447
0.0,60,302.122708
0.0,60,302.191991
0.0,60,302.278524
0.0,60,302.364904
0.0,60,302.462961
0.0,60,302.555562
0.0,60,302.650509
0.0,60,302.72563
0.0,60,302.795389
0.0,60,302.864307
0.0,60,302.932553
0.0,60,303.002713
0.0,60,303.072919
0.0,60,305.442354
0.0,60,305.532431
0.0,60,305.602651
0.0,60,305.673548
0.0,60,305.758572
0.0,60,305.86895
0.0,60,305.963423
0.0,60,306.035745
0.0,60,306.108421
0.0,60,306.178532
0.0,60,306.252745
0.0,60,306.325505
0.0,60,306.397483
0.0,60,306.470451
0.0,60,306.5432
0.0,60,306.617962
0.0,60,306.693251
0.0,60,306.76443
0.0,60,306.835203
0.0,60,306.91841
0.0,60,306.997287
0.0,60,307.067683
0.0,60,307.135901
0.0,60,307.204112
0.0,60,307.270916
0.0,60,307.340007
0.0,60,307.410627
0.0,60,307.484312
0.0,60,307.565305
0.0,60,307.647465
0.0,60,307.726703
0.0,60,307.811726
0.0,60,307.893979
0.0,60,307.965949
0.0,60,310.186453
0.0,60,310.26172
0.0,60,310.344371
0.0,60,310.424578
0.0,60,310.508368
0.0,60,310.592674
0.0,60,310.665301
0.0,60,310.735817
0.0,60,310.809883
0.0,60,310.881683
0.0,60,310.948643
0.0,60,311.015789
0.0,60,311.084516
0.0,60,311.155128
0.0,60,311.224849
0.0,60,311.29501
0.0,60,311.366735
0.0,60,311.438989
0.0,60,311.507839
0.0,60,311.580181
0.0,60,311.64693
0.0,60,311.71697
0.0,60,311.787267
0.0,60,311.855661
0.0,60,311.923989
0.0,60,312.006901
0.0,60,312.111428
0.0,60,312.203255
0.0,60,312.274127
0.0,60,312.347693
0.0,60,312.418973
0.0,60,312.489317
0.0,60,312.562043
0.0,60,312.635857
0.0,60,314.829465
0.0,60,314.900715
0.0,60,314.972358
0.0,60,315.042627
0.0,60,315.113146
0.0,60,315.185504
0.0,60,315.254861
0.0,60,315.323845
0.0,60,315.392603
0.0,60,315.460795
0.0,60,315.529694
0.0,60,315.603383
0.0,60,315.690349
0.0,60,315.809008
0.0,60,315.937672
0.0,60,316.026851
0.0,60,316.100664
0.0,60,316.175602
0.0,60,316.249518
0.0,60,316.325681
0.0,60,316.403579
0.0,60,316.485012
0.0,60,316.573237
0.0,60,316.650729
0.0,60,316.728396
0.0,60,316.806758
0.0,60,316.885804
0.0,60,316.963072
0.0,60,317.033478
0.0,60,317.102331
0.0,60,317.178349
0.0,60,317.248955
0.0,60,317.316695
0.0,60,317.383682
0.0,60,319.606745
0.0,60,319.676516
0.0,60,319.744451
0.0,60,319.812449
0.0,60,319.880676
0.0,60,319.94878
0.0,60,320.016477
0.0,60,320.086175
0.0,60,320.15532
0.0,60,320.225691
0.0,60,320.293445
0.0,60,320.362466
0.0,60,320.429695
0.0,60,320.497282
0.0,60,320.56423
0.0,60,320.630952
0.0,60,320.706443
0.0,60,320.779138
0.0,60,320.849733
0.0,60,320.917291
0.0,60,320.987023
0.0,60,321.054668
0.0,60,321.124232
0.0,60,321.190309
0.0,60,321.258263
0.0,60,321.32942
0.0,60,321.398227
0.0,60,321.464143
0.0,60,321.531976
0.0,60,321.599563
0.0,60,321.668864
0.0,60,321.736723
0.0,60,321.804488
0.0,60,321.872668
0.0,60,323.964934
0.0,60,324.038033
0.0,60,324.112279
0.0,60,324.184311
0.0,60,324.252763
0.0,60,324.321242
0.0,60,324.394929
0.0,60,324.469815
0.0,60,324.54508
0.0,60,324.627088
0.0,60,324.699988
0.0,60,324.769601
0.0,60,324.836862
0.0,60,324.904384
0.0,60,324.970636
0.0,60,325.038512
0.0,60,325.110886
0.0,60,325.187659
0.0,60,325.257977
0.0,60,325.328573
0.0,60,325.398522
0.0,60,325.465819
0.0,60,325.533366
0.0,60,325.60059
0.0,60,325.668271
0.0,60,325.737196
0.0,60,325.815696
0.0,60,325.886944
0.0,60,325.957805
0.0,60,326.028345
0.0,60,326.098427
0.0,60,326.165954
0.0,60,326.233636
0.0,60,326.300436
0.0,60,328.353038
0.0,60,328.421188
0.0,60,328.490779
0.0,60,328.559312
0.0,60,328.62735
0.0,60,328.695894
0.0,60,328.76403
0.0,60,328.83273
0.0,60,328.898787
0.0,60,328.966578
0.0,60,329.034193
0.0,60,329.10375
0.0,60,329.176071
0.0,60,329.244818
0.0,60,329.312876
0.0,60,329.380822
0.0,60,329.449582
0.0,60,329.519182
0.0,60,329.58664
0.0,60,329.658185
0.0,60,329.734766
0.0,60,329.805386
0.0,60,329.875258
0.0,60,329.942477
0.0,60,330.01047
0.0,60,330.077199
0.0,60,330.1474
0.0,60,330.21543
0.0,60,330.283994
0.0,60,330.35233
0.0,60,330.420286
0.0,60,330.48724
0.0,60,330.555767
0.0,60,330.623647
0.0,60,332.707129
0.0,60,332.776374
0.0,60,332.844565
0.0,60,332.912827
0.0,60,332.978782
0.0,60,333.046551
0.0,60,333.115278
0.0,60,333.183519
0.0,60,333.251138
0.0,60,333.319259
0.0,60,333.387085
0.0,60,333.454756
0.0,60,333.521598
0.0,60,333.589859
0.0,60,333.657176
0.0,60,333.725255
0.0,60,333.792626
0.0,60,333.861501
0.0,60,333.929662
0.0,60,333.997776
0.0,60,334.064683
0.0,60,334.135476
0.0,60,334.201779
0.0,60,334.270003
0.0,60,334.335695
0.0,60,334.403595
0.0,60,334.469966
0.0,60,334.537256
0.0,60,334.604823
0.0,60,334.671422
0.0,60,334.742979
0.0,60,334.820977
0.0,60,334.888477
0.0,60,334.957541
0.0,60,335.023
0.0,60,337.105582
0.0,60,337.173023
0.0,60,337.242047
0.0,60,337.310572
0.0,60,337.37686
0.0,60,337.44512
0.0,60,337.511848
0.0,60,337.580653
0.0,60,337.648198
0.0,60,337.716953
0.0,60,337.784564
0.0,60,337.853715
0.0,60,337.920803
0.0,60,337.988491
0.0,60,338.055212
0.0,60,338.121758
0.0,60,338.188839
0.0,60,338.256778
0.0,60,338.32484
0.0,60,338.393512
0.0,60,338.461018
0.0,60,338.527777
0.0,60,338.595704
0.0,60,338.662266
0.0,60,338.729642
0.0,60,338.797439
0.0,60,338.865161
0.0,60,338.932085
0.0,60,338.999143
0.0,60,339.067392
0.0,60,339.139702
0.0,60,339.208811
0.0,60,339.276754
0.0,60,339.344712
0.0,60,341.434344
0.0,60,341.502636
0.0,60,341.571449
0.0,60,341.648852
0.0,60,341.717872
0.0,60,341.785873
0.0,60,341.854049
0.0,60,341.927058
0.0,60,342.011073
0.0,60,342.093307
0.0,60,342.173894
0.0,60,342.268778
0.0,60,342.351296
0.0,60,342.430026
0.0,60,342.503016
0.0,60,342.575053
0.0,60,342.644691
0.0,60,342.716851
0.0,60,342.789582
0.0,60,342.868186
0.0,60,342.943254
0.0,60,343.032412
0.0,60,343.148393
0.0,60,343.222369
0.0,60,343.292129
0.0,60,343.365502
0.0,60,343.437874
0.0,60,343.508458
0.0,60,343.578111
0.0,60,343.646393
0.0,60,343.716405
0.0,60,343.797808
0.0,60,343.867007
0.0,60,343.934923
0.0,60,346.139375
0.0,60,346.217267
0.0,60,346.285639
0.0,60,346.353651
0.0,60,346.424473
0.0,60,346.492468
0.0,60,346.560413
0.0,60,346.627742
0.0,60,346.701945
0.0,60,346.77165
0.0,60,346.839543
0.0,60,346.908071
0.0,60,346.975478
0.0,60,347.04594
0.0,60,347.114255
0.0,60,347.181959
0.0,60,347.253999
0.0,60,347.321517
0.0,60,347.39029
0.0,60,347.459075
0.0,60,347.527524
0.0,60,347.599593
0.0,60,347.671662
0.0,60,347.740548
0.0,60,347.808299
0.0,60,347.877496
0.0,60,347.946918
0.0,60,348.01956
0.0,60,348.093685
0.0,60,348.163075
0.0,60,348.235163
0.0,60,348.304447
0.0,60,348.375473
0.0,60,348.447535
0.0,60,350.669313
0.0,60,350.758408
0.0,60,350.848991
0.0,60,350.936018
0.0,60,351.033811
0.0,60,351.119188
0.0,60,351.192804
0.0,60,351.27657
0.0,60,351.368408
0.0,60,351.448479
0.0,60,351.543283
0.0,60,351.623823
0.0,60,351.697851
0.0,60,351.771207
0.0,60,351.846051
0.0,60,351.920413
0.0,60,351.99492
0.0,60,352.071516
0.0,60,352.163289
0.0,60,352.249708
0.0,60,352.340826
0.0,60,352.429984
0.0,60,352.506163
0.0,60,352.596988
0.0,60,352.683896
0.0,60,352.773291
0.0,60,352.898
0.0,60,353.013557
0.0,60,353.107036
0.0,60,353.189418
0.0,60,353.264739
0.0,60,353.337021
0.0,60,353.423551
0.0,60,353.504663
0.0,60,355.758298
0.0,60,355.832479
0.0,60,355.906388
0.0,60,355.984219
0.0,60,356.057807
0.0,60,356.134446
0.0,60,356.208099
0.0,60,356.286265
0.0,60,356.371181
0.0,60,356.442579
0.0,60,356.514057
0.0,60,356.585847
0.0,60,356.682125
0.0,60,356.779926
0.0,60,356.898231
0.0,60,357.006333
0.0,60,357.086333
0.0,60,357.187074
0.0,60,357.264964
0.0,60,357.332675
0.0,60,357.405109
0.0,60,357.494444
0.0,60,357.571808
0.0,60,357.641715
0.0,60,357.719604
0.0,60,357.791585
0.0,60,357.865667
0.0,60,357.940101
0.0,60,358.013129
0.0,60,358.094294
0.0,60,358.174682
0.0,60,358.252479
0.0,60,358.327403
0.0,60,358.401479
0.0,60,360.522717
0.0,60,360.608553
0.0,60,360.696083
0.0,60,360.810253
0.0,60,360.908674
0.0,60,360.988895
0.0,60,361.073873
0.0,60,361.153307
0.0,60,361.225127
0.0,60,361.29344
0.0,60,361.372032
0.0,60,361.468925
0.0,60,361.584905
0.0,60,361.662246
0.0,60,361.733937
0.0,60,361.806264
0.0,60,361.875456
0.0,60,361.943746
0.0,60,362.012208
0.0,60,362.082006
0.0,60,362.151045
0.0,60,362.223161
0.0,60,362.29535
0.0,60,362.368797
0.0,60,362.439995
0.0,60,362.507491
0.0,60,362.574528
0.0,60,362.641136
0.0,60,362.711124
0.0,60,362.782295
0.0,60,362.85261
0.0,60,362.919296
0.0,60,362.985611
0.0,60,363.05375
0.0,60,365.104286
0.0,60,365.175361
0.0,60,365.243796
0.0,60,365.313495
0.0,60,365.405777
0.0,60,365.474319
0.0,60,365.542847
0.0,60,365.609267
0.0,60,365.677
0.0,60,365.745065
0.0,60,365.812348
0.0,60,365.880614
0.0,60,365.948473
0.0,60,366.015969
0.0,60,366.08339
0.0,60,366.151255
0.0,60,366.219188
0.0,60,366.286807
0.0,60,366.355674
0.0,60,366.424339
0.0,60,366.502082
0.0,60,366.587024
0.0,60,366.673553
0.0,60,366.755429
0.0,60,366.83308
0.0,60,366.901772
0.0,60,366.978724
0.0,60,367.058021
0.0,60,367.137179
0.0,60,367.210358
0.0,60,367.27956
0.0,60,367.35069
0.0,60,367.42337
0.0,60,367.496583
0.0,60,369.62294
0.0,60,369.692587
0.0,60,369.768063
0.0,60,369.847122
0.0,60,369.919513
0.0,60,369.988465
0.0,60,370.055499
0.0,60,370.13285
0.0,60,370.212503
0.0,60,370.291386
0.0,60,370.362679
0.0,60,370.437092
0.0,60,370.513485
0.0,60,370.582773
0.0,60,370.648978
0.0,60,370.715201
0.0,60,370.78301
0.0,60,370.850289
0.0,60,370.915564
0.0,60,370.988467
0.0,60,371.063952
0.0,60,371.136315
0.0,60,371.208727
0.0,60,371.277446
0.0,60,371.347076
0.0,60,371.416945
0.0,60,371.489833
0.0,60,371.565435
0.0,60,371.638356
0.0,60,371.709365
0.0,60,371.779315
0.0,60,371.855331
0.0,60,371.928224
0.0,60,371.999662
0.0,60,372.07578
0.0,60,374.266224
0.0,60,374.334583
0.0,60,374.409079
0.0,60,374.480542
0.0,60,374.55549
0.0,60,374.628835
0.0,60,374.706786
0.0,60,374.786808
0.0,60,374.865351
0.0,60,374.936188
0.0,60,375.007585
0.0,60,375.077908
0.0,60,375.155269
0.0,60,375.232049
0.0,60,375.302931
0.0,60,375.37271
0.0,60,375.442161
0.0,60,375.512794
0.0,60,375.587256
0.0,60,375.656408
0.0,60,375.723781
0.0,60,375.792291
0.0,60,375.861413
0.0,60,375.934756
0.0,60,376.002144
0.0,60,376.070384
0.0,60,376.140257
0.0,60,376.210116
0.0,60,376.279388
0.0,60,376.347483
0.0,60,376.414642
0.0,60,376.481316
0.0,60,376.547017
0.0,60,376.616871
0.0,60,378.850374
0.0,60,378.932001
0.0,60,379.005405
0.0,60,379.07855
0.0,60,379.156365
0.0,60,379.229525
0.0,60,379.304482
0.0,60,379.381454
0.0,60,379.455917
0.0,60,379.527629
0.0,60,379.600348
0.0,60,379.676284
0.0,60,379.746413
0.0,60,379.816656
0.0,60,379.886547
0.0,60,379.956908
0.0,60,380.02592
0.0,60,380.093124
0.0,60,380.162841
0.0,60,380.232269
0.0,60,380.298737
0.0,60,380.368965
0.0,60,380.438268
0.0,60,380.507894
0.0,60,380.576787
0.0,60,380.654408
0.0,60,380.722252
0.0,60,380.791293
0.0,60,380.859776
0.0,60,380.92978
0.0,60,380.997731
0.0,60,381.065738
0.0,60,381.133016
0.0,60,381.198901
0.0,60,383.291178
0.0,60,383.359118
0.0,60,383.425815
0.0,60,383.49176
0.0,60,383.55813
0.0,60,383.626798
0.0,60,383.694731
0.0,60,383.763646
0.0,60,383.832003
0.0,60,383.900507
0.0,60,383.966743
0.0,60,384.033568
0.0,60,384.103134
0.0,60,384.173297
0.0,60,384.241513
0.0,60,384.309735
0.0,60,384.377382
0.0,60,384.446074
0.0,60,384.514189
0.0,60,384.582081
0.0,60,384.648665
0.0,60,384.715001
0.0,60,384.780069
0.0,60,384.84744
0.0,60,384.915648
0.0,60,384.981572
0.0,60,385.049558
0.0,60,385.116508
0.0,60,385.18573
0.0,60,385.251094
0.0,60,385.319274
0.0,60,385.388017
0.0,60,385.455339
0.0,60,385.523807
0.0,60,387.607172
0.0,60,387.676598
0.0,60,387.74549
0.0,60,387.812281
0.0,60,387.878231
0.0,60,387.943488
0.0,60,388.009477
0.0,60,388.07691
0.0,60,388.14281
0.0,60,388.209196
0.0,60,388.277061
0.0,60,388.342525
0.0,60,388.410131
0.0,60,388.476323
0.0,60,388.541456
0.0,60,388.608871
0.0,60,388.673829
0.0,60,388.740955
0.0,60,388.806515
0.0,60,388.872145
0.0,60,388.938449
0.0,60,389.005265
0.0,60,389.072545
0.0,60,389.145163
0.0,60,389.211843
0.0,60,389.280088
0.0,60,389.345861
0.0,60,389.414117
0.0,60,389.481175
0.0,60,389.548389
0.0,60,389.616234
0.0,60,389.684163
0.0,60,389.749718
0.0,60,389.817268
0.0,60,391.877204
0.0,60,391.952811
0.0,60,392.020432
0.0,60,392.087787
0.0,60,392.15481
0.0,60,392.222268
0.0,60,392.290117
0.0,60,392.35639
0.0,60,392.422247
0.0,60,392.492255
0.0,60,392.559087
0.0,60,392.62575
0.0,60,392.693248
0.0,60,392.758833
0.0,60,392.825711
0.0,60,392.892123
0.0,60,392.959742
0.0,60,393.024868
0.0,60,393.093284
0.0,60,393.160174
0.0,60,393.227351
0.0,60,393.294455
0.0,60,393.359982
0.0,60,393.428503
0.0,60,393.49448
0.0,60,393.560942
0.0,60,393.628095
0.0,60,393.695535
0.0,60,393.763981
0.0,60,393.830737
0.0,60,393.896802
0.0,60,393.964284
0.0,60,394.029449
0.0,60,394.098222
0.0,60,396.154562
0.0,60,396.222363
0.0,60,396.289907
0.0,60,396.35664
0.0,60,396.422823
0.0,60,396.487739
0.0,60,396.55593
0.0,60,396.621409
0.0,60,396.689402
0.0,60,396.754581
0.0,60,396.819426
0.0,60,396.88408
0.0,60,396.952475
0.0,60,397.030047
0.0,60,397.096423
0.0,60,397.162482
0.0,60,397.230579
0.0,60,397.298632
0.0,60,397.366408
0.0,60,397.433498
0.0,60,397.497933
0.0,60,397.565411
0.0,60,397.633692
0.0,60,397.701507
0.0,60,397.769564
0.0,60,397.834122
0.0,60,397.899397
0.0,60,397.966988
0.0,60,398.034
0.0,60,398.100844
0.0,60,398.165323
0.0,60,398.230569
0.0,60,398.297116
0.0,60,398.364873
0.0,60,400.425361
0.0,60,400.495517
0.0,60,400.562918
0.0,60,400.630092
0.0,60,400.698397
0.0,60,400.7665
0.0,60,400.835672
0.0,60,400.90392
0.0,60,400.974836
0.0,60,401.061332
0.0,60,401.128964
0.0,60,401.197899
0.0,60,401.265715
0.0,60,401.33466
0.0,60,401.404475
0.0,60,401.472234
0.0,60,401.538109
0.0,60,401.604544
0.0,60,401.672006
0.0,60,401.741224
0.0,60,401.810389
0.0,60,401.878284
0.0,60,401.944723
0.0,60,402.010767
0.0,60,402.090021
0.0,60,402.163771
0.0,60,402.233987
0.0,60,402.301084
0.0,60,402.37044
0.0,60,402.439278
0.0,60,402.506802
0.0,60,402.573139
0.0,60,402.640821
0.0,60,402.709857
0.0,60,402.777754
0.0,60,404.842051
0.0,60,404.908808
0.0,60,404.976473
0.0,60,405.048284
0.0,60,405.116984
0.0,60,405.18595
0.0,60,405.252797
0.0,60,405.320167
0.0,60,405.387298
0.0,60,405.455254
0.0,60,405.52407
0.0,60,405.591287
0.0,60,405.658117
0.0,60,405.724671
0.0,60,405.792395
0.0,60,405.857951
0.0,60,405.926403
0.0,60,405.9956
0.0,60,406.068513
0.0,60,406.142148
0.0,60,406.210192
0.0,60,406.279377
0.0,60,406.347025
0.0,60,406.415803
0.0,60,406.484852
0.0,60,406.552776
0.0,60,406.620243
0.0,60,406.688745
0.0,60,406.756765
0.0,60,406.824824
0.0,60,406.891203
0.0,60,406.959887
0.0,60,407.028208
0.0,60,407.095042
0.0,60,409.23782
0.0,60,409.305168
0.0,60,409.373072
0.0,60,409.442124
0.0,60,409.510631
0.0,60,409.579368
0.0,60,409.648449
0.0,60,409.716064
0.0,60,409.784615
0.0,60,409.852948
0.0,60,409.921118
0.0,60,409.989068
0.0,60,410.057244
0.0,60,410.123744
0.0,60,410.191242
0.0,60,410.259669
0.0,60,410.328884
0.0,60,410.395947
0.0,60,410.464783
0.0,60,410.533534
0.0,60,410.600551
0.0,60,410.669764
0.0,60,410.738622
0.0,60,410.805473
0.0,60,410.874206
0.0,60,410.940668
0.0,60,411.008271
0.0,60,411.077119
0.0,60,411.147426
0.0,60,411.224067
0.0,60,411.292395
0.0,60,411.362654
0.0,60,411.428976
0.0,60,411.496658
0.0,60,413.576353
0.0,60,413.644775
0.0,60,413.712073
0.0,60,413.779602
0.0,60,413.846642
0.0,60,413.914366
0.0,60,413.981883
0.0,60,414.051028
0.0,60,414.123201
0.0,60,414.192054
0.0,60,414.260033
0.0,60,414.329287
0.0,60,414.397494
0.0,60,414.465737
0.0,60,414.532047
0.0,60,414.600948
0.0,60,414.668032
0.0,60,414.735846
0.0,60,414.802512
0.0,60,414.868924
0.0,60,414.937517
0.0,60,415.004741
0.0,60,415.072884
0.0,60,415.14149
0.0,60,415.20966
0.0,60,415.278711
0.0,60,415.34622
0.0,60,415.416303
0.0,60,415.483665
0.0,60,415.550712
0.0,60,415.6184
0.0,60,415.686657
0.0,60,415.75437
0.0,60,415.823934
0.0,60,417.912365
0.0,60,417.982562
0.0,60,418.051767
0.0,60,418.121948
0.0,60,418.189252
0.0,60,418.256227
0.0,60,418.323063
0.0,60,418.390841
0.0,60,418.458937
0.0,60,418.526992
0.0,60,418.593594
0.0,60,418.662032
0.0,60,418.730973
0.0,60,418.800417
0.0,60,418.86814
0.0,60,418.937484
0.0,60,419.004598
0.0,60,419.073038
0.0,60,419.145038
0.0,60,419.214343
0.0,60,419.282779
0.0,60,419.352293
0.0,60,419.421692
0.0,60,419.490434
0.0,60,419.558175
0.0,60,419.625854
0.0,60,419.694286
0.0,60,419.761969
0.0,60,419.830571
0.0,60,419.900851
0.0,60,419.969456
0.0,60,420.03688
0.0,60,420.104451
0.0,60,420.174566
0.0,60,422.245037
0.0,60,422.314929
0.0,60,422.384558
0.0,60,422.461905
0.0,60,422.53405
0.0,60,422.606254
0.0,60,422.675097
0.0,60,422.7527
0.0,60,422.823551
0.0,60,422.893923
0.0,60,422.962837
0.0,60,423.033137
0.0,60,423.10129
0.0,60,423.16978
0.0,60,423.239244
0.0,60,423.30665
0.0,60,423.376988
0.0,60,423.445397
0.0,60,423.514292
0.0,60,423.580914
0.0,60,423.647933
0.0,60,423.717131
0.0,60,423.787645
0.0,60,423.858042
0.0,60,423.926675
0.0,60,423.996385
0.0,60,424.063844
0.0,60,424.135764
0.0,60,424.20362
0.0,60,424.272722
0.0,60,424.340562
0.0,60,424.408763
0.0,60,424.475161
0.0,60,424.542932
0.0,60,426.605963
0.0,60,426.677011
0.0,60,426.746456
0.0,60,426.816998
0.0,60,426.886194
0.0,60,426.955044
0.0,60,427.022103
0.0,60,427.09052
0.0,60,427.157912
0.0,60,427.226794
0.0,60,427.294977
0.0,60,427.364555
0.0,60,427.430971
0.0,60,427.505075
0.0,60,427.582358
0.0,60,427.65221
0.0,60,427.722681
0.0,60,427.793176
0.0,60,427.863328
0.0,60,427.930325
0.0,60,428.000949
0.0,60,428.069039
0.0,60,428.138613
0.0,60,428.206769
0.0,60,428.275486
0.0,60,428.342915
0.0,60,428.412035
0.0,60,428.480461
0.0,60,428.549357
0.0,60,428.617766
0.0,60,428.686002
0.0,60,428.754071
0.0,60,428.823246
0.0,60,428.891749
0.0,60,430.941865
0.0,60,431.012241
0.0,60,431.082504
0.0,60,431.151467
0.0,60,431.22049
0.0,60,431.288591
0.0,60,431.356778
0.0,60,431.426624
0.0,60,431.495259
0.0,60,431.570009
0.0,60,431.640957
0.0,60,431.710346
0.0,60,431.780027
0.0,60,431.849617
0.0,60,431.917809
0.0,60,431.987235
0.0,60,432.055619
0.0,60,432.12483
0.0,60,432.191693
0.0,60,432.262005
0.0,60,432.330701
0.0,60,432.40362
0.0,60,432.472828
0.0,60,432.542326
0.0,60,432.619296
0.0,60,432.691952
0.0,60,432.765069
0.0,60,432.83589
0.0,60,432.907594
0.0,60,432.977632
0.0,60,433.047945
0.0,60,433.116327
0.0,60,433.188348
0.0,60,433.258316
0.0,60,435.330957
0.0,60,435.402931
0.0,60,435.471416
0.0,60,435.541025
0.0,60,435.608808
0.0,60,435.677739
0.0,60,435.746312
0.0,60,435.818085
0.0,60,435.886392
0.0,60,435.955523
0.0,60,436.024983
0.0,60,436.094036
0.0,60,436.162375
0.0,60,436.23203
0.0,60,436.299459
0.0,60,436.368246
0.0,60,436.437639
0.0,60,436.507823
0.0,60,436.578913
0.0,60,436.666004
0.0,60,436.736171
0.0,60,436.80659
0.0,60,436.876452
0.0,60,436.945816
0.0,60,437.014209
0.0,60,437.081967
0.0,60,437.151116
0.0,60,437.220161
0.0,60,437.288764
0.0,60,437.35763
0.0,60,437.424866
0.0,60,437.493678
0.0,60,437.560972
0.0,60,437.631763
0.0,60,437.720477
