rollout/ep_len_mean,time/fps,rollout/ep_rew_mean,time/time_elapsed,time/iterations,time/total_timesteps,train/policy_gradient_loss,train/value_loss,train/learning_rate,train/approx_kl,train/clip_fraction,train/entropy_loss,train/explained_variance,train/loss,train/n_updates,train/clip_range
611.0,2560,0.0,0,1,2048,,,,,,,,,,
611.0,1766,0.0,2,2,4096,-0.0041665877346531485,2.254606306024698e-05,0.0003,0.0060037896,0.0333984375,-1.9420839969068766,-3.683544635772705,0.014041243121027946,10,0.2
1310.0,1602,0.096685,3,3,6144,-0.006084712852316443,3.5956354048494175e-05,0.0003,0.006286964,0.048974609375,-1.9314310155808925,-2.868746519088745,0.009831294417381287,20,0.2
1310.0,1532,0.096685,5,4,8192,-0.009419344778871163,0.0006753597950137191,0.0003,0.01287568,0.15126953125,-1.9179328370839357,-0.008982300758361816,0.0008642533211968839,30,0.2
2048.0,1493,0.077348,6,5,10240,-0.013034093817259418,3.9889372362722494e-05,0.0003,0.012999668,0.11494140625,-1.9067211516201497,-4.8603620529174805,-0.009448353201150894,40,0.2
1634.2857142857142,1466,0.17277714285714282,8,6,12288,-0.010695163032505662,3.568070800668011e-05,0.0003,0.011334229,0.117529296875,-1.8765535980463028,-3.4851999282836914,-0.020136898383498192,50,0.2
1634.2857142857142,1448,0.17277714285714282,9,7,14336,-0.009669565681542735,0.0028573677942404173,0.0003,0.013776177,0.159033203125,-1.8579988051205873,-0.0040721893310546875,-0.025425896048545837,60,0.2
1847.875,1435,0.15117999999999998,11,8,16384,-0.011716407696803799,8.65784144934878e-05,0.0003,0.011324006,0.11220703125,-1.8434065330773592,-5.527549743652344,-0.022154230624437332,70,0.2
1847.875,1425,0.15117999999999998,12,9,18432,-0.008525514492066576,5.549673078917294e-05,0.0003,0.014193792,0.139306640625,-1.8070392437279224,-5.581454753875732,-0.01033104583621025,80,0.2
2085.6666666666665,1417,0.1343822222222222,14,10,20480,-0.010048510057094973,4.957858698730888e-05,0.0003,0.013894586,0.1484375,-1.8088885188102721,-8.655102729797363,-0.02240763045847416,90,0.2
2190.8,1410,0.16447799999999999,15,11,22528,-0.009594027610728518,3.8132168401716624e-05,0.0003,0.010569608,0.109716796875,-1.7905943147838115,-7.434473037719727,0.008827977813780308,100,0.2
2031.25,1405,0.19546833333333333,17,12,24576,-0.0068122721262625415,0.0008500273739286968,0.0003,0.009023234,0.125830078125,-1.7879911363124847,0.008839309215545654,0.012485976330935955,110,0.2
2031.25,1400,0.19546833333333333,19,13,26624,-0.007281153648364125,0.0020590765781889784,0.0003,0.010799048,0.126953125,-1.7740257378667592,-0.0024785995483398438,-0.012519752606749535,120,0.2
2031.25,1401,0.19546833333333333,20,14,28672,-0.015367198255262338,6.403801575061152e-05,0.0003,0.015912503,0.153564453125,-1.7434320140630006,-6.22341775894165,-0.029621491208672523,130,0.2
2259.6153846153848,1401,0.18043230769230767,21,15,30720,-0.010984687038580887,2.535197730253458e-05,0.0003,0.009932438,0.120263671875,-1.7394556399434804,-5.914951324462891,-0.0021337950602173805,140,0.2
2259.6153846153848,1402,0.18043230769230767,23,16,32768,-0.012663592235185206,3.355346751163779e-05,0.0003,0.013595669,0.137255859375,-1.7436126668006182,-8.24303150177002,-0.03902832418680191,150,0.2
2455.3571428571427,1402,0.1675442857142857,24,17,34816,-0.012505944119766355,2.5260071993216116e-05,0.0003,0.013570016,0.166796875,-1.7186857402324676,-9.864858627319336,-0.0028671068139374256,160,0.2
2381.266666666667,1403,0.15637466666666666,26,18,36864,-0.016652776670525782,3.2974542591546196e-05,0.0003,0.014794577,0.16796875,-1.7495967272669077,-6.6933207511901855,-0.026798978447914124,170,0.2
2381.266666666667,1403,0.15637466666666666,27,19,38912,-0.012228110092837596,2.3904434513610795e-05,0.0003,0.012045126,0.132177734375,-1.7464454721659421,-5.220999717712402,0.002866789000108838,180,0.2
2544.9375,1404,0.14660125000000002,29,20,40960,-0.013300733230425976,2.225178832304664e-05,0.0003,0.011519673,0.132763671875,-1.7373182706534862,-11.703509330749512,-0.0160236693918705,190,0.2
2544.9375,1404,0.14660125000000002,30,21,43008,-0.010949444214929827,1.8140826399815067e-05,0.0003,0.011341932,0.11962890625,-1.7455420158803463,-4.981746196746826,-0.0003099937457591295,200,0.2
2544.9375,1405,0.14660125000000002,32,22,45056,-0.01326806429278804,1.9272826264682408e-05,0.0003,0.009822984,0.09482421875,-1.7367473881691695,-9.088255882263184,-0.0043953657150268555,210,0.2
2565.6111111111113,1403,0.1414677777777778,33,23,47104,-0.020032372562855016,1.0485421304196052e-05,0.0003,0.013961343,0.1708984375,-1.7493527721613646,-4.905752658843994,-0.01703139953315258,220,0.2
2565.6111111111113,1401,0.1414677777777778,35,24,49152,-0.014568404156307224,0.0002364124253404043,0.0003,0.0147545785,0.14833984375,-1.710270570591092,-0.15044748783111572,-0.024609148502349854,230,0.2
2693.7368421052633,1399,0.13402210526315791,36,25,51200,-0.015676218557928223,2.0388451825681387e-05,0.0003,0.0154471835,0.143408203125,-1.7208684995770454,-5.335107803344727,0.03219880908727646,240,0.2
2693.7368421052633,1397,0.13402210526315791,38,26,53248,-0.01862646820518421,3.124086585444274e-05,0.0003,0.011229881,0.132568359375,-1.68952833712101,-1.572575330734253,-0.022726522758603096,250,0.2
2693.7368421052633,1396,0.13402210526315791,39,27,55296,-0.01483131368731847,1.5896567664697158e-05,0.0003,0.012022974,0.1390625,-1.6630016107112169,-6.685139179229736,-0.03190768137574196,260,0.2
2809.05,1394,0.12732100000000002,41,28,57344,-0.015960358832671773,1.5384607129931284e-05,0.0003,0.010740853,0.13759765625,-1.6401744470000268,-5.251542091369629,-0.026855960488319397,270,0.2
2809.05,1392,0.12732100000000002,42,29,59392,-0.012528169539291412,9.349910244793591e-06,0.0003,0.013024302,0.13251953125,-1.6233092807233334,-5.8906168937683105,-0.01745818555355072,280,0.2
2908.904761904762,1393,0.1268257142857143,44,30,61440,-0.017724624407856028,7.511572631671015e-05,0.0003,0.012325093,0.16533203125,-1.638731824234128,-9.295319557189941,-0.05615801364183426,290,0.2
2908.904761904762,1393,0.1268257142857143,45,31,63488,-0.015942324665229535,7.601776251249248e-05,0.0003,0.01354472,0.164111328125,-1.6286593709141015,-0.3361523151397705,-0.01896032877266407,300,0.2
2908.904761904762,1394,0.1268257142857143,47,32,65536,-0.0195123934878211,1.9475267902180348e-05,0.0003,0.019861814,0.20703125,-1.6395271576941013,-3.002605438232422,-0.03993120416998863,310,0.2
3003.9545454545455,1394,0.12106090909090911,48,33,67584,-0.011521609848568915,1.2535584434658632e-05,0.0003,0.012668617,0.144921875,-1.6580697007477283,-2.7361812591552734,-0.03314068540930748,320,0.2
3025.391304347826,1394,0.11579739130434784,49,34,69632,-0.01753129215212539,1.5467684886516508e-05,0.0003,0.014973834,0.151708984375,-1.6115964371711016,-3.9868478775024414,-0.029658418148756027,330,0.2
2956.4583333333335,1394,0.11097250000000002,51,35,71680,-0.010198543879960198,2.2360510192243056e-05,0.0003,0.009711912,0.102197265625,-1.6255844466388225,-1.4181058406829834,0.01399405300617218,340,0.2
2956.4583333333335,1395,0.11097250000000002,52,36,73728,-0.01984487636364065,2.808269893250781e-05,0.0003,0.010394377,0.113818359375,-1.5956839427351952,-4.801433563232422,-0.01381717249751091,350,0.2
2956.4583333333335,1395,0.11097250000000002,54,37,75776,-0.015806056854489724,1.3605860182508422e-05,0.0003,0.01250569,0.141455078125,-1.5717848736792803,-6.954617023468018,-0.008721381425857544,360,0.2
3038.2,1394,0.1065336,55,38,77824,-0.020724680190323853,1.1212773694779798e-05,0.0003,0.0137454495,0.177490234375,-1.5486076045781374,-3.755931854248047,-0.02793605625629425,370,0.2
3038.2,1393,0.1065336,57,39,79872,-0.0159643279897864,1.1545333843798745e-05,0.0003,0.011906755,0.13154296875,-1.5379708539694548,-13.674307823181152,-0.025554468855261803,380,0.2
3015.6296296296296,1393,0.09864222222222223,58,40,81920,-0.015290080787963234,2.0053132802644315e-05,0.0003,0.01262261,0.12578125,-1.5259336195886135,-7.073177337646484,-0.019033754244446754,390,0.2
3015.6296296296296,1392,0.09864222222222223,60,41,83968,-0.016364527787663972,8.573613489915033e-06,0.0003,0.012355433,0.16845703125,-1.5265955504029989,-5.820031642913818,-0.003876812057569623,400,0.2
3015.6296296296296,1392,0.09864222222222223,61,42,86016,-0.012133868876844645,7.619848763056325e-05,0.0003,0.011637006,0.14736328125,-1.4658436831086874,-6.347067832946777,-0.0451938658952713,410,0.2
3086.5,1391,0.09511928571428573,63,43,88064,-0.024180216311651747,8.868082095858654e-06,0.0003,0.021279318,0.187255859375,-1.5128331374377013,-11.87062931060791,-0.027534380555152893,420,0.2
3080.896551724138,1392,0.09183931034482759,64,44,90112,-0.015746787874377333,5.802731123694116e-06,0.0003,0.011060248,0.098583984375,-1.5063701521605253,-6.48369836807251,-0.018111417070031166,430,0.2
3080.896551724138,1392,0.09183931034482759,66,45,92160,-0.022474870925361757,2.55113209988167e-05,0.0003,0.014996544,0.147412109375,-1.4889329675585032,-6.303036212921143,-0.03648627549409866,440,0.2
3080.896551724138,1392,0.09183931034482759,67,46,94208,-0.015261475398438052,1.199244531306931e-05,0.0003,0.013036931,0.1486328125,-1.459051154181361,-3.586454391479492,-0.033242810517549515,450,0.2
3144.866666666667,1391,0.08877800000000001,69,47,96256,-0.013277911547629629,8.112642093038857e-06,0.0003,0.011492189,0.137744140625,-1.4489199861884117,-2.6157760620117188,-0.02106526680290699,460,0.2
3144.866666666667,1391,0.08877800000000001,70,48,98304,-0.0147157183062518,1.2974847850699689e-05,0.0003,0.011336606,0.120947265625,-1.4473991446197032,-15.234970092773438,-0.0028490612749010324,470,0.2
3204.7096774193546,1390,0.0859141935483871,72,49,100352,-0.021557485572702716,2.287277240426988e-05,0.0003,0.01636077,0.17919921875,-1.4335349313914776,-5.946347236633301,-0.027346203103661537,480,0.2
3204.7096774193546,1390,0.0859141935483871,73,50,102400,-0.020076867249736098,3.710748366927419e-05,0.0003,0.016260484,0.2087890625,-1.4214452389627694,-3.4097461700439453,-0.0026094659697264433,490,0.2
3207.125,1389,0.08322937500000001,75,51,104448,-0.019530621560988948,1.2987857797952528e-05,0.0003,0.014268272,0.149365234375,-1.3675457417964936,-3.819701671600342,0.004914176184684038,500,0.2
3207.125,1389,0.08322937500000001,76,52,106496,-0.01747479611367453,1.9544018069694857e-05,0.0003,0.014584952,0.1677734375,-1.2798179030418395,-1.7858834266662598,-0.01969193108379841,510,0.2
3261.4545454545455,1389,0.08070727272727274,78,53,108544,-0.015756472120119724,2.0321825326874433e-05,0.0003,0.0117691625,0.16826171875,-1.2884386841207742,-6.171489715576172,-0.0336884967982769,520,0.2
3261.4545454545455,1388,0.08070727272727274,79,54,110592,-0.014424817109829745,3.7051482921413025e-05,0.0003,0.016294084,0.258642578125,-1.299634812772274,-5.241682052612305,-0.012030902318656445,530,0.2
3312.5882352941176,1388,0.07833352941176472,81,55,112640,-0.011881083104526624,1.2981298653613748e-05,0.0003,0.009453065,0.094580078125,-1.2855429511517287,-6.415889263153076,-0.01968933269381523,540,0.2
3312.5882352941176,1388,0.07833352941176472,82,56,114688,-0.011185224633663893,5.4572565954913446e-05,0.0003,0.006329938,0.09091796875,-1.234437095746398,0.23021650314331055,-0.011574176140129566,550,0.2
3312.5882352941176,1388,0.07833352941176472,84,57,116736,-0.008767422403616365,1.3685427535392592e-05,0.0003,0.010630342,0.103857421875,-1.286935831978917,-4.497579574584961,-0.030370144173502922,560,0.2
3360.8,1389,0.07609542857142858,85,58,118784,-0.008123372617410496,4.967028999658396e-06,0.0003,0.014272193,0.093408203125,-1.3014090862125158,-4.693957328796387,-0.049245141446590424,570,0.2
3360.8,1389,0.07609542857142858,86,59,120832,-0.00941624722981942,1.4586327649368514e-05,0.0003,0.009112578,0.068359375,-1.3079546470195056,-6.640749931335449,-0.00548173813149333,580,0.2
3395.1944444444443,1390,0.07398166666666667,88,60,122880,-0.016032070748042315,0.00010262233013804689,0.0003,0.013231171,0.129736328125,-1.3314466428011655,-10.54880142211914,-0.01776130311191082,590,0.2
3395.1944444444443,1391,0.07398166666666667,89,61,124928,-0.011727989853534381,1.6006717746108735e-05,0.0003,0.014684847,0.1076171875,-1.2990934886038303,-1.1727044582366943,-0.0232964176684618,600,0.2
3395.1944444444443,1391,0.07398166666666667,91,62,126976,-0.007214003137050895,8.354239503205462e-06,0.0003,0.0203822,0.170068359375,-1.2740956652909516,-1.4568233489990234,-0.027450058609247208,610,0.2
3438.5675675675675,1392,0.07198216216216217,92,63,129024,-0.01400949639355531,3.211684374093693e-06,0.0003,0.026214458,0.260986328125,-1.2663406673818827,-1.1411120891571045,-0.028643140569329262,620,0.2
3438.5675675675675,1393,0.07198216216216217,94,64,131072,-0.014162836823379621,4.317571045362456e-05,0.0003,0.020486642,0.197607421875,-1.2122988488525153,-0.7480580806732178,-0.06090116128325462,630,0.2
3479.657894736842,1392,0.07008789473684211,95,65,133120,-0.007469166179362219,1.6192088762068124e-05,0.0003,0.0063810954,0.059326171875,-1.1739824067801237,-1.2548022270202637,-0.02167395129799843,640,0.2
3479.657894736842,1393,0.07008789473684211,97,66,135168,-0.014134702886076411,1.0535254731003364e-05,0.0003,0.014770006,0.07607421875,-1.1227656070142984,-5.023375988006592,-0.003077480010688305,650,0.2
3479.657894736842,1393,0.07008789473684211,98,67,137216,-0.00819272019143682,6.349421246909514e-06,0.0003,0.00698022,0.06064453125,-1.106849230825901,0.3588622808456421,-0.028540153056383133,660,0.2
3518.641025641026,1394,0.06829076923076924,99,68,139264,-0.009447924201958812,2.683510721768201e-06,0.0003,0.010345161,0.071728515625,-1.078930824995041,-2.1273980140686035,-0.02702298015356064,670,0.2
3518.641025641026,1394,0.06829076923076924,101,69,141312,-0.009403409450897016,0.0001856017656816533,0.0003,0.006251975,0.0810546875,-1.0422124633565546,-0.061560988426208496,-0.020234227180480957,680,0.2
3555.675,1395,0.0665835,102,70,143360,-0.012028443981398596,4.180758090086556e-05,0.0003,0.011299916,0.12177734375,-1.0724010150879622,-0.08613717555999756,-0.006817067041993141,690,0.2
3555.675,1395,0.0665835,104,71,145408,-0.012254019406464067,1.8248475120685727e-05,0.0003,0.00908348,0.125048828125,-1.0379813024774194,0.014916181564331055,-0.029528455808758736,700,0.2
3590.9024390243903,1394,0.06495951219512196,105,72,147456,-0.0071992015647992956,5.489174914963257e-06,0.0003,0.017514164,0.098095703125,-0.9215721255168319,0.19271796941757202,-0.0017527701565995812,710,0.2
3590.9024390243903,1395,0.06495951219512196,107,73,149504,-0.025213639729190617,7.808285063504173e-06,0.0003,0.012442623,0.179443359375,-0.8790121234953403,0.2877327799797058,-0.043953072279691696,720,0.2
3590.9024390243903,1395,0.06495951219512196,108,74,151552,-0.0006047665345249697,4.6772513080384215e-06,0.0003,0.0074194563,0.085595703125,-0.9261274540796876,0.45578187704086304,0.027792900800704956,730,0.2
3624.4523809523807,1396,0.06341285714285715,110,75,153600,-0.010733540164801525,1.5203374070438258e-05,0.0003,0.020955797,0.13046875,-1.0354187423363328,-2.078579902648926,-0.029938258230686188,740,0.2
3624.4523809523807,1396,0.06341285714285715,111,76,155648,-0.010007005745137576,1.7482428307857845e-05,0.0003,0.014913132,0.11044921875,-1.0141238134354353,-0.9682378768920898,-0.02209988236427307,750,0.2
3656.4418604651164,1396,0.061938139534883724,112,77,157696,-0.016337140600080603,1.3949050587314104e-05,0.0003,0.013648888,0.114697265625,-1.0542374465614557,-0.4486043453216553,0.13933447003364563,760,0.2
3656.4418604651164,1397,0.061938139534883724,114,78,159744,-0.012099820926960093,1.6285055943399128e-05,0.0003,0.009641043,0.1154296875,-1.0327758384868502,-5.754767894744873,-0.04129542037844658,770,0.2
3656.4418604651164,1396,0.061938139534883724,115,79,161792,-0.01874662884220015,1.2329632944130254e-05,0.0003,0.008982431,0.108642578125,-1.0585817651823164,-2.394455671310425,-0.04276854544878006,780,0.2
3545.7608695652175,1396,0.05789869565217392,117,80,163840,-0.017322545452043415,1.6742416241299908e-05,0.0003,0.027770264,0.178076171875,-1.0031342575326563,0.5140685439109802,-0.04613445699214935,790,0.2
3429.6666666666665,1396,0.05548625000000001,118,81,165888,-0.011616818241600413,5.9893131941635146e-05,0.0003,0.016506054,0.174951171875,-1.0130792025476694,-0.044832587242126465,0.024480396881699562,800,0.2
3429.6666666666665,1395,0.05548625000000001,120,82,167936,-0.018468471642700025,3.551611697787394e-05,0.0003,0.018825479,0.166650390625,-1.0509326841682196,0.1458798050880432,-0.036293331533670425,810,0.2
3461.714285714286,1395,0.05435387755102041,121,83,169984,-0.017613500289007787,1.6643999050813817e-05,0.0003,0.017120223,0.157421875,-1.055176884122193,0.25606483221054077,-0.025923646986484528,820,0.2
3461.714285714286,1395,0.05435387755102041,123,84,172032,-0.020295613955386215,1.7547657375871494e-05,0.0003,0.011144668,0.128369140625,-1.0815028801560402,-4.302093982696533,-0.037800826132297516,830,0.2
3454.56,1395,0.0532668,124,85,174080,-0.011124748973816167,4.9509869589314805e-05,0.0003,0.013901546,0.1439453125,-1.1809290856122971,-3.3200488090515137,-0.027251461520791054,840,0.2
3454.56,1395,0.0532668,126,86,176128,-0.01787067631375976,2.0118141094371822e-05,0.0003,0.02784454,0.198876953125,-0.9731667388230563,-0.07647264003753662,-0.017215076833963394,850,0.2
3484.8627450980393,1395,0.05222235294117648,127,87,178176,-0.0077423231501597915,2.933872531372117e-05,0.0003,0.013928805,0.1451171875,-1.1525351785123348,-2.678088426589966,0.011261018924415112,860,0.2
3484.8627450980393,1395,0.05222235294117648,129,88,180224,-0.016234913059452082,2.2097056445602446e-05,0.0003,0.018137254,0.164990234375,-1.1221563821658491,-4.844821453094482,0.08536535501480103,870,0.2
3484.8627450980393,1396,0.05222235294117648,130,89,182272,-0.024107460779487156,1.8089536337129174e-05,0.0003,0.02660462,0.18427734375,-1.1986107029020787,-3.2533011436462402,-0.03533907234668732,880,0.2
3461.3207547169814,1396,0.05025169811320755,132,90,184320,-0.016456800572632345,3.562500952227765e-05,0.0003,0.015537281,0.189453125,-1.1471461568027734,0.10166972875595093,-0.018341992050409317,890,0.2
3461.3207547169814,1396,0.05025169811320755,133,91,186368,-0.020737119170371444,2.364922735438313e-05,0.0003,0.01893172,0.176708984375,-1.2953851051628589,-0.8750371932983398,-0.030136914923787117,900,0.2
3461.3207547169814,1396,0.05025169811320755,134,92,188416,-0.018912052613450213,9.184997314548581e-06,0.0003,0.026997667,0.199609375,-1.1936535518616438,-4.022277355194092,0.014479323290288448,910,0.2
3489.814814814815,1397,0.049321111111111114,136,93,190464,-0.01649680729751708,1.0633438681395545e-05,0.0003,0.01833709,0.170166015625,-1.1924791667610406,-6.206260681152344,0.014097994193434715,920,0.2
3489.814814814815,1397,0.049321111111111114,137,94,192512,-0.011509040179953444,1.9753625016960542e-05,0.0003,0.016860649,0.15576171875,-1.2435077257454394,-1.7818989753723145,-0.04046883061528206,930,0.2
3517.2727272727275,1397,0.04842436363636364,139,95,194560,-0.015236874987749616,2.489390931827984e-05,0.0003,0.015284096,0.160986328125,-1.15180684030056,-2.440634250640869,-0.044327184557914734,940,0.2
3517.2727272727275,1398,0.04842436363636364,140,96,196608,-0.01777059420783189,4.046771335453059e-05,0.0003,0.015117858,0.142041015625,-1.1495183005928993,-4.637236595153809,-0.008582552894949913,950,0.2
3543.75,1398,0.04755964285714286,142,97,198656,-0.015962094666610936,1.3034709456860583e-05,0.0003,0.03209117,0.13818359375,-1.0472282666713,0.08584660291671753,-0.03086431510746479,960,0.2
3543.75,1398,0.04755964285714286,143,98,200704,-0.015905309157824378,1.8688469033634192e-05,0.0003,0.013539117,0.12099609375,-1.03162232786417,-2.546555757522583,-0.026198137551546097,970,0.2
3543.75,1399,0.04755964285714286,144,99,202752,-0.014714051965711406,1.909526505841086e-05,0.0003,0.019641262,0.170751953125,-1.1479979760944843,-1.5795540809631348,-0.057886723428964615,980,0.2
3569.2982456140353,1398,0.04672526315789474,146,100,204800,-0.014530400611693039,8.790106460310198e-06,0.0003,0.012403454,0.130859375,-1.0336307223886252,-0.27617907524108887,-0.014861422590911388,990,0.2
3569.2982456140353,1398,0.04672526315789474,147,101,206848,-0.012958975858055055,1.9138530559104082e-05,0.0003,0.013357457,0.14130859375,-0.9838680990040303,-1.051389455795288,-0.011456537060439587,1000,0.2
3593.9655172413795,1398,0.045919655172413795,149,102,208896,-0.013975291033420944,1.2125189464029518e-05,0.0003,0.015356492,0.155615234375,-1.0293490678071975,-0.7979198694229126,-0.037858620285987854,1010,0.2
3593.9655172413795,1398,0.045919655172413795,150,103,210944,-0.01995640832465142,6.055780135483246e-06,0.0003,0.017535469,0.107763671875,-0.9617326045408845,-0.6589703559875488,-0.050187256187200546,1020,0.2
3593.9655172413795,1398,0.045919655172413795,152,104,212992,-0.016589725203812123,1.9724181261437933e-05,0.0003,0.021668866,0.182763671875,-1.0602206230163573,0.24445754289627075,-0.06461473554372787,1030,0.2
3573.45,1398,0.044389000000000005,153,105,215040,-0.019118320292909628,2.9508352980656127e-05,0.0003,0.021093555,0.187646484375,-1.0966360591351987,-3.134833812713623,-0.033163946121931076,1040,0.2
3573.45,1397,0.044389000000000005,155,106,217088,-0.014717608931823634,1.4680158642477181e-05,0.0003,0.01226683,0.127294921875,-1.094218724220991,-4.135202884674072,-0.03940747305750847,1050,0.2
3561.655737704918,1398,0.05163311475409836,156,107,219136,-0.01662024363176897,2.0895613521076938e-05,0.0003,0.017136369,0.14609375,-0.9890971506014467,-1.5932788848876953,-0.041574250906705856,1060,0.2
3561.655737704918,1398,0.05163311475409836,158,108,221184,-0.008798444372223458,0.0007197430455164522,0.0003,0.010481827,0.127734375,-0.9299725657328963,0.022681832313537598,-0.027577437460422516,1070,0.2
3584.8548387096776,1399,0.050800322580645166,159,109,223232,-0.019031405453279148,0.0002372005215875106,0.0003,0.014130391,0.13798828125,-0.993310572206974,-1.9726760387420654,-0.0707523375749588,1080,0.2
3584.8548387096776,1399,0.050800322580645166,160,110,225280,-0.012605520673969296,3.646092505391607e-05,0.0003,0.019603565,0.1044921875,-0.9842907600104809,0.2882513403892517,-0.027576139196753502,1090,0.2
3607.3174603174602,1399,0.049993968253968256,162,111,227328,-0.010938793844979955,2.957505978002928e-05,0.0003,0.016697586,0.177685546875,-1.068601729720831,-0.05932497978210449,-0.0021848997566848993,1100,0.2
3607.3174603174602,1400,0.049993968253968256,163,112,229376,-0.01618780446733581,2.38324317777483e-05,0.0003,0.016954616,0.15048828125,-1.0444651050493121,-0.11125838756561279,-0.03679710626602173,1110,0.2
3607.3174603174602,1400,0.049993968253968256,165,113,231424,-0.01830334577462054,2.4588247399037755e-05,0.0003,0.018426664,0.19462890625,-1.0667751083150505,-0.7853705883026123,-0.01690557226538658,1120,0.2
3629.078125,1400,0.0492128125,166,114,233472,-0.016673349813208914,1.8947643373223854e-05,0.0003,0.011180348,0.10615234375,-1.0668613808229566,-0.1554661989212036,-0.01839844509959221,1130,0.2
3629.078125,1400,0.0492128125,168,115,235520,-0.015995783229300287,3.0440824227184747e-05,0.0003,0.015606841,0.17568359375,-1.0574015088379383,-0.04791593551635742,0.042863629758358,1140,0.2
3650.1692307692306,1400,0.04845569230769231,169,116,237568,-0.007278419708018191,1.334496509315386e-05,0.0003,0.010512937,0.10029296875,-1.0649237358942627,-0.6098388433456421,-0.001704954425804317,1150,0.2
3650.1692307692306,1400,0.04845569230769231,171,117,239616,-0.016782368742860855,4.042022663668377e-05,0.0003,0.019016776,0.164501953125,-1.1087401557713747,-0.3318132162094116,-0.04630119726061821,1160,0.2
3653.181818181818,1400,0.047721515151515154,172,118,241664,-0.021134530848939903,2.9717452913757825e-05,0.0003,0.01867492,0.151806640625,-1.045939795859158,-1.2395083904266357,-0.04620601236820221,1170,0.2
3653.181818181818,1401,0.047721515151515154,173,119,243712,-0.01668274066178128,4.561569906513796e-05,0.0003,0.01238913,0.107373046875,-1.1431267730891705,-0.8313783407211304,-0.03372834250330925,1180,0.2
3653.181818181818,1401,0.047721515151515154,175,120,245760,-0.013598083815304562,6.437790221411888e-05,0.0003,0.01963814,0.16962890625,-1.0712691536173224,-0.28676462173461914,-0.027450168505311012,1190,0.2
3673.283582089552,1401,0.047009253731343285,176,121,247808,-0.016774823912419377,3.773334455274835e-05,0.0003,0.012498464,0.121630859375,-1.010484080761671,-0.6607999801635742,-0.04111575335264206,1200,0.2
3673.283582089552,1402,0.047009253731343285,178,122,249856,-0.013275615830207244,3.796424930442299e-05,0.0003,0.027210712,0.123291015625,-1.0239339234307407,-0.5122383832931519,-0.037666238844394684,1210,0.2
3676.470588235294,1402,0.04631794117647059,179,123,251904,-0.017289568367414177,8.60090974697414e-05,0.0003,0.014268378,0.131884765625,-1.0788932625204324,-0.5282450914382935,-0.03332815319299698,1220,0.2
3676.470588235294,1402,0.04631794117647059,181,124,253952,-0.012062804048036923,3.473890367331478e-05,0.0003,0.011254729,0.0966796875,-1.042842235416174,-1.029923677444458,-0.022739781066775322,1230,0.2
3695.6521739130435,1402,0.04564666666666667,182,125,256000,-0.011582159189856611,4.924623161173258e-05,0.0003,0.0133482,0.148193359375,-1.0457333400845528,-0.07066202163696289,-0.018787022680044174,1240,0.2
3695.6521739130435,1403,0.04564666666666667,183,126,258048,-0.021122094451857264,1.732452412426255e-05,0.0003,0.018768385,0.1458984375,-1.0718307413160801,-0.4049720764160156,-0.02153777703642845,1250,0.2
3714.285714285714,1403,0.04499457142857143,185,127,260096,-0.015568906741100364,4.31350444699774e-05,0.0003,0.02052728,0.144580078125,-1.0563224140554666,-0.9380233287811279,-0.03773031011223793,1260,0.2
3714.285714285714,1403,0.04499457142857143,186,128,262144,-0.01657108164508827,2.346474642536123e-05,0.0003,0.02833926,0.179833984375,-1.1232381250709296,-0.3880423307418823,0.00026564867584966123,1270,0.2
3714.285714285714,1404,0.04499457142857143,188,129,264192,-0.02154799998679664,3.622247621706265e-05,0.0003,0.018439274,0.16806640625,-1.1578002586960792,-3.348621368408203,-0.04063049703836441,1280,0.2
3681.4861111111113,1404,0.043744722222222227,189,130,266240,-0.014052584437013137,1.9374211392175765e-05,0.0003,0.01759535,0.1330078125,-1.157261612638831,-0.2683371305465698,0.013073451817035675,1290,0.2
3681.4861111111113,1404,0.043744722222222227,190,131,268288,-0.02143805374726071,2.3052059150785455e-05,0.0003,0.021398608,0.22509765625,-1.1829977735877037,-1.5979712009429932,-0.025224173441529274,1300,0.2
3699.5479452054797,1404,0.0431454794520548,192,132,270336,-0.018887701019411906,1.4655021728060546e-05,0.0003,0.01592521,0.183740234375,-1.2225854966789484,-2.0754246711730957,-0.026672936975955963,1310,0.2
3699.5479452054797,1405,0.0431454794520548,193,133,272384,-0.02136128869460663,3.490689539802361e-05,0.0003,0.020365575,0.1884765625,-1.2164932157844306,-1.3054895401000977,-0.022337399423122406,1320,0.2
3703.5,1405,0.042562432432432434,195,134,274432,-0.011624123106594197,2.3596874186182504e-05,0.0003,0.027695639,0.18486328125,-1.190592324361205,-1.1204016208648682,-0.07828830182552338,1330,0.2
3703.5,1405,0.042562432432432434,196,135,276480,-0.009148317626386415,4.2847346381336135e-05,0.0003,0.013346985,0.131640625,-1.1903973657637834,-1.5537164211273193,-0.03689715266227722,1340,0.2
3695.4933333333333,1405,0.04199493333333333,198,136,278528,-0.015488754512625746,2.3357263626166968e-05,0.0003,0.015475632,0.145947265625,-1.2809417653828858,-3.9491844177246094,0.013867886736989021,1350,0.2
3695.4933333333333,1404,0.04199493333333333,199,137,280576,-0.015962177596520633,3.652905005822049e-05,0.0003,0.013617945,0.1419921875,-1.1973809730261564,-2.5310516357421875,-0.054917410016059875,1360,0.2
3712.657894736842,1404,0.04144236842105263,201,138,282624,-0.023104322349536233,1.2659244950441461e-05,0.0003,0.02437507,0.1892578125,-1.1961936958134174,-3.1377506256103516,-0.041518159210681915,1370,0.2
3712.657894736842,1404,0.04144236842105263,202,139,284672,-0.02245202377816895,4.618930307174196e-05,0.0003,0.015271317,0.167431640625,-1.198776975274086,-3.658198833465576,-0.06396547704935074,1380,0.2
3712.657894736842,1404,0.04144236842105263,204,140,286720,-0.01986331647640327,5.499339407606385e-05,0.0003,0.04756231,0.192626953125,-1.2039647225290537,-3.6927428245544434,-0.024497350677847862,1390,0.2
3729.3766233766232,1404,0.04090415584415585,205,141,288768,-0.01613274033588823,2.7804800490116575e-05,0.0003,0.019839536,0.19345703125,-1.2901582196354866,-2.9838268756866455,-0.030161036178469658,1400,0.2
3729.3766233766232,1403,0.04090415584415585,207,142,290816,-0.02319040037400555,3.5383164882318854e-05,0.0003,0.020264346,0.18291015625,-1.2838866133242846,-3.0978236198425293,-0.04789535701274872,1410,0.2
3705.7974683544303,1403,0.03986860759493671,208,143,292864,-0.02223685934295645,4.681475887764463e-05,0.0003,0.018556334,0.162841796875,-1.3202368292957545,-2.610191822052002,-0.04043980687856674,1420,0.2
3705.7974683544303,1403,0.03986860759493671,210,144,294912,-0.021598676518624415,3.22430505605098e-05,0.0003,0.01798185,0.19111328125,-1.313900239765644,-1.7865331172943115,-0.029367726296186447,1430,0.2
3705.7974683544303,1403,0.03986860759493671,211,145,296960,-0.016103946838120463,4.1051158956406655e-05,0.0003,0.013801586,0.170751953125,-1.2685232851654291,-1.0309431552886963,-3.526479849824682e-05,1440,0.2
3721.975,1402,0.03937025,213,146,299008,-0.025031162353116088,1.2198782323480373e-05,0.0003,0.02262648,0.225732421875,-1.2483028121292592,-0.5193910598754883,-0.043301574885845184,1450,0.2
3705.4814814814813,1402,0.038884197530864195,214,147,301056,-0.02547740926820552,4.019029010464692e-05,0.0003,0.020489682,0.19375,-1.2912010598927737,-2.1753299236297607,-0.05616976320743561,1460,0.2
3673.5731707317073,1402,0.03841,216,148,303104,-0.025241292366990818,4.9631960473561775e-05,0.0003,0.024432424,0.1849609375,-1.2354805704206229,-2.6070075035095215,-0.05633465573191643,1470,0.2
3673.5731707317073,1402,0.03841,217,149,305152,-0.02306906337471446,3.2566714364179464e-05,0.0003,0.01663923,0.165087890625,-1.2462068866938352,-7.231942176818848,-0.03618340939283371,1480,0.2
3689.5542168674697,1402,0.03794722891566265,219,150,307200,-0.02496714512963081,1.6391694576611825e-05,0.0003,0.018053535,0.159326171875,-1.2688387032598256,-3.264653205871582,-0.034659914672374725,1490,0.2
3689.5542168674697,1402,0.03794722891566265,220,151,309248,-0.026205607838346624,1.672360367734882e-05,0.0003,0.02859528,0.241845703125,-1.2884634345769883,-2.843001127243042,-0.009056896902620792,1500,0.2
3705.154761904762,1402,0.03749547619047619,221,152,311296,-0.018362975091440602,4.064443419906638e-05,0.0003,0.025025338,0.204150390625,-1.2214973747730256,-1.6166892051696777,-0.039343737065792084,1510,0.2
3705.154761904762,1402,0.03749547619047619,223,153,313344,-0.025485726464830806,3.9507487014134315e-05,0.0003,0.01953809,0.203173828125,-1.1711593981832267,-3.0374131202697754,-0.03328331559896469,1520,0.2
3705.458823529412,1403,0.03705435294117647,224,154,315392,-0.02471304073842475,2.0916174622698237e-05,0.0003,0.01880901,0.20810546875,-1.1912109937518836,-3.1954550743103027,-0.029446015134453773,1530,0.2
3705.458823529412,1403,0.03705435294117647,226,155,317440,-0.024538849962118546,3.2474689311357e-05,0.0003,0.016056728,0.177099609375,-1.0929879620671272,-0.3215261697769165,-0.031177084892988205,1540,0.2
3713.767441860465,1403,0.036623488372093026,227,156,319488,-0.036771777318790555,2.9152068675841748e-05,0.0003,0.019944897,0.217333984375,-1.0977925065904857,0.08113127946853638,0.05759337916970253,1550,0.2
3713.767441860465,1403,0.036623488372093026,229,157,321536,-0.02516930702258833,1.4920707909027441e-05,0.0003,0.014976932,0.168603515625,-1.1435344537720085,-2.757391929626465,-0.04897960275411606,1560,0.2
3713.767441860465,1403,0.036623488372093026,230,158,323584,-0.02289741073618643,8.384203712807903e-06,0.0003,0.016248064,0.157275390625,-1.0459966741502285,-2.0144009590148926,-0.011232716031372547,1570,0.2
3728.551724137931,1404,0.036202528735632185,231,159,325632,-0.01841437876573764,2.3289274469107114e-05,0.0003,0.020038955,0.138232421875,-0.88837312720716,-1.922722578048706,-0.035781171172857285,1580,0.2
3728.551724137931,1404,0.036202528735632185,233,160,327680,-0.014873676757997601,2.626222027544145e-05,0.0003,0.017624654,0.125390625,-0.9230389663949609,-2.8432531356811523,-0.03867526352405548,1590,0.2
3743.0,1404,0.035791136363636365,234,161,329728,-0.018253462736902294,8.605989968657468e-06,0.0003,0.012826063,0.1435546875,-0.9527954466640949,-1.6427960395812988,-0.019723938778042793,1600,0.2
3743.0,1404,0.035791136363636365,236,162,331776,-0.016602609954134095,1.8757523807266808e-05,0.0003,0.014285335,0.13671875,-1.0206542236730456,-3.0588784217834473,-0.03384776413440704,1610,0.2
3743.0,1404,0.035791136363636365,237,163,333824,-0.017840534113929607,1.376943641133721e-05,0.0003,0.022814425,0.14658203125,-0.9827693164348602,-1.6862435340881348,-0.032033320516347885,1620,0.2
3757.123595505618,1404,0.03538898876404494,239,164,335872,-0.016607929565361702,1.2497764002006307e-05,0.0003,0.012208492,0.12529296875,-1.0372980481013656,-1.7250661849975586,-0.029810680076479912,1630,0.2
3757.123595505618,1405,0.03538898876404494,240,165,337920,-0.016964304773136974,1.3496876381680067e-05,0.0003,0.013613279,0.1203125,-0.9981226775795221,-3.127828598022461,-0.03240233659744263,1640,0.2
3730.186813186813,1405,0.03461120879120879,241,166,339968,-0.01862593197656679,7.510842921831795e-06,0.0003,0.020007163,0.172998046875,-1.0863682612776757,-1.1713440418243408,-0.030792392790317535,1650,0.2
3730.186813186813,1405,0.03461120879120879,243,167,342016,-0.01689649782201741,1.3736109195150448e-05,0.0003,0.015323127,0.131005859375,-1.1209833055734635,-3.8936734199523926,-0.03367813304066658,1660,0.2
3730.186813186813,1405,0.03461120879120879,244,168,344064,-0.020212835926213302,8.309792406890892e-06,0.0003,0.019432865,0.181103515625,-1.161158124357462,-1.4061784744262695,-0.04587626829743385,1670,0.2
3743.9891304347825,1405,0.034235,246,169,346112,-0.021984860082011438,9.614193470497411e-06,0.0003,0.028370306,0.182861328125,-1.1906227122992277,-1.737478256225586,-0.036141522228717804,1680,0.2
3730.483870967742,1406,0.039804086021505376,247,170,348160,-0.023271831034799108,1.6495446523379087e-05,0.0003,0.01961435,0.199462890625,-1.2144838377833367,-2.815678119659424,-0.04694126173853874,1690,0.2
3730.483870967742,1406,0.039804086021505376,249,171,350208,-0.017257435676583555,0.0009955577234904921,0.0003,0.020677237,0.210107421875,-1.2124240286648273,-0.02253258228302002,-0.013796362094581127,1700,0.2
3743.9893617021276,1406,0.03938063829787234,250,172,352256,-0.018753406585165066,5.693989231190244e-05,0.0003,0.02672134,0.16787109375,-1.1720113590359689,-1.5973010063171387,-0.03165484592318535,1710,0.2
3743.9893617021276,1406,0.03938063829787234,251,173,354304,-0.01781954492616933,3.8051182107778915e-05,0.0003,0.01522727,0.152587890625,-1.1909712322056294,-1.4268314838409424,-0.016375379636883736,1720,0.2
3743.9893617021276,1406,0.03938063829787234,253,174,356352,-0.024506111591472292,8.363629051899579e-06,0.0003,0.018499603,0.14501953125,-1.1989343713968992,-3.211885452270508,-0.05307301506400108,1730,0.2
3757.2105263157896,1406,0.0389661052631579,254,175,358400,-0.020534845248039345,2.7029645906395672e-05,0.0003,0.016772594,0.2,-1.269062613323331,-3.124720573425293,-0.03048115223646164,1740,0.2
3757.2105263157896,1407,0.0389661052631579,256,176,360448,-0.028878298740892205,2.3772248545128606e-05,0.0003,0.02070153,0.219189453125,-1.2512944553047418,-2.8251123428344727,-0.03008929267525673,1750,0.2
3770.15625,1407,0.03856020833333334,257,177,362496,-0.02462266266156803,1.1310433192335268e-05,0.0003,0.015353538,0.154052734375,-1.2285460487008095,-1.8411612510681152,-0.056696973741054535,1760,0.2
3770.15625,1407,0.03856020833333334,259,178,364544,-0.024140453342988623,7.909611638012847e-06,0.0003,0.018849198,0.19541015625,-1.2175105888396502,-2.216611862182617,-0.044674552977085114,1770,0.2
3770.15625,1407,0.03856020833333334,260,179,366592,-0.017136694739383528,6.9356511723128735e-06,0.0003,0.014923836,0.151513671875,-1.1853915072977543,-1.046571969985962,-0.00888312328606844,1780,0.2
3781.701030927835,1407,0.038162680412371135,261,180,368640,-0.018240845226682723,2.4115211076036758e-05,0.0003,0.014719237,0.16982421875,-1.146312225982547,-0.2047882080078125,-0.028745587915182114,1790,0.2
3781.701030927835,1407,0.038162680412371135,263,181,370688,-0.021910069331352134,2.3045310676650388e-05,0.0003,0.01821918,0.16044921875,-1.0827690111473203,-0.8066509962081909,-0.03465661033987999,1800,0.2
3794.1326530612246,1408,0.037773265306122454,264,182,372736,-0.02537734138968517,9.177501884494176e-06,0.0003,0.028856939,0.2048828125,-1.1096586216241122,-1.3708558082580566,-0.010981797240674496,1810,0.2
3794.1326530612246,1408,0.037773265306122454,266,183,374784,-0.02012471063499106,1.1978642904608705e-05,0.0003,0.01489426,0.14697265625,-1.1892726838588714,-1.6297054290771484,-0.057649482041597366,1820,0.2
3806.313131313131,1408,0.03739171717171717,267,184,376832,-0.02194642374961404,4.002887735410354e-06,0.0003,0.017579883,0.162548828125,-1.1510623808950187,-2.2891387939453125,-0.07429910451173782,1830,0.2
3806.313131313131,1408,0.03739171717171717,268,185,378880,-0.017726066210889256,4.358718995689514e-06,0.0003,0.025947336,0.18505859375,-1.176208709180355,-3.306394577026367,-0.03231803700327873,1840,0.2
3806.313131313131,1408,0.03739171717171717,270,186,380928,-0.01055638615071075,1.5443164224748785e-06,0.0003,0.012849498,0.126708984375,-1.0951331153512,-2.50831937789917,-0.009400764480233192,1850,0.2
3818.25,1408,0.037017800000000003,271,187,382976,-0.014509813629410928,5.452215229340141e-06,0.0003,0.017340802,0.127294921875,-1.1353260297328234,-5.231018543243408,-0.03581906855106354,1860,0.2
3818.25,1409,0.037017800000000003,273,188,385024,-0.02097005111136241,2.3157969235398922e-05,0.0003,0.04259966,0.165673828125,-1.120120058581233,-0.894136905670166,-0.037061069160699844,1870,0.2
3844.57,1409,0.037017800000000003,274,189,387072,-0.015587261051405222,5.93479843047362e-06,0.0003,0.022244934,0.156396484375,-1.1497956361621617,-2.9196650981903076,-0.06237749382853508,1880,0.2
3844.57,1409,0.037017800000000003,276,190,389120,-0.02521746513666585,9.644623825266762e-06,0.0003,0.019807488,0.138623046875,-1.188281735405326,-0.8277722597122192,-0.008001361042261124,1890,0.2
3888.13,1409,0.037017800000000003,277,191,391168,-0.017095618443272544,7.704758844084835e-06,0.0003,0.020866826,0.187353515625,-1.3243479702621699,-2.2117984294891357,-0.03674266114830971,1900,0.2
3888.13,1409,0.037017800000000003,278,192,393216,-0.023779072928300594,5.13349889637027e-06,0.0003,0.01793174,0.157763671875,-1.24524879604578,-3.3169474601745605,-0.036287304013967514,1910,0.2
3933.1,1409,0.0370178,280,193,395264,-0.014564487833558815,1.0576223144909136e-05,0.0003,0.018397659,0.1548828125,-1.170889239385724,-0.2025902271270752,-0.026305271312594414,1920,0.2
3933.1,1409,0.0370178,281,194,397312,-0.020143211644608527,4.3123370044639845e-06,0.0003,0.013944453,0.149658203125,-1.2596096929162741,-1.492598295211792,-0.0327991358935833,1930,0.2
3933.1,1410,0.0370178,283,195,399360,-0.019492847812216496,3.4693065794400012e-06,0.0003,0.011520879,0.140234375,-1.2649463180452585,-2.932861566543579,-0.02761624939739704,1940,0.2
3949.03,1410,0.0331504,284,196,401408,-0.01714708468571189,6.89877829920249e-06,0.0003,0.021414295,0.1509765625,-1.272703605145216,-3.860340118408203,-0.03390829637646675,1950,0.2
3949.03,1410,0.0331504,286,197,403456,-0.025598085021192672,5.760939171750579e-06,0.0003,0.023682091,0.19072265625,-1.263187601044774,-1.5211081504821777,-0.04565655440092087,1960,0.2
3949.03,1410,0.0331504,287,198,405504,-0.01832887720374856,6.367697779907644e-06,0.0003,0.018221375,0.18603515625,-1.3176034595817327,-5.708065032958984,-0.05075925961136818,1970,0.2
3949.03,1410,0.0331504,288,199,407552,-0.022082341853820252,4.383110044514638e-06,0.0003,0.01584914,0.159521484375,-1.2532787378877401,-2.1486637592315674,-0.06534483283758163,1980,0.2
3949.03,1410,0.0331504,290,200,409600,-0.01739496972586494,3.231418039817413e-06,0.0003,0.014377174,0.15068359375,-1.3285495061427355,-2.7505064010620117,-0.036021292209625244,1990,0.2
3989.18,1410,0.0249234,291,201,411648,-0.014458509953692555,6.25894864008103e-06,0.0003,0.020769827,0.14580078125,-1.3413516502827405,-0.11381709575653076,0.025974342599511147,2000,0.2
3989.18,1410,0.0249234,293,202,413696,-0.019657140856725163,5.235296384853427e-06,0.0003,0.01697431,0.17451171875,-1.3410990878939628,-3.344191551208496,-0.025910740718245506,2010,0.2
4037.03,1410,0.0249234,294,203,415744,-0.021170268901914823,5.234626809702547e-06,0.0003,0.013984896,0.14423828125,-1.336039811745286,-9.671664237976074,-0.03334272652864456,2020,0.2
4037.03,1411,0.0249234,296,204,417792,-0.024966886833135506,1.4576456344173039e-05,0.0003,0.018181393,0.181494140625,-1.3357456658035516,-1.3865721225738525,-0.05341731756925583,2030,0.2
4037.03,1411,0.0249234,297,205,419840,-0.030752370339178013,8.832288970950231e-06,0.0003,0.028787898,0.21416015625,-1.2303065910935402,-2.4786007404327393,-0.08044204115867615,2040,0.2
4053.6,1411,0.0249234,298,206,421888,-0.015541607156774263,4.0556814667525035e-06,0.0003,0.015592408,0.142724609375,-1.2993476323783397,-2.999479293823242,-0.047569286078214645,2050,0.2
4053.6,1411,0.0249234,300,207,423936,-0.018282148019352462,3.337862739982711e-06,0.0003,0.016065883,0.152880859375,-1.3144461195915937,-2.353447914123535,-0.035489294677972794,2060,0.2
4053.82,1411,0.0249234,301,208,425984,-0.020116091184900143,6.873548730013113e-06,0.0003,0.017321603,0.163671875,-1.3257987055927516,-3.848538398742676,-0.02507047727704048,2070,0.2
4058.98,1411,0.020569999999999998,303,209,428032,-0.02217756526224548,6.857723684561279e-06,0.0003,0.02303804,0.19423828125,-1.3180827401578425,-2.526594400405884,-0.02805659919977188,2080,0.2
4047.9,1411,0.0135616,304,210,430080,-0.02947194237349322,7.786145522814535e-06,0.0003,0.021792471,0.212060546875,-1.3022246517241,-1.4289307594299316,-0.0323852114379406,2090,0.2
4061.83,1411,0.0135616,306,211,432128,-0.018723834339471068,5.5351313061891005e-06,0.0003,0.016582938,0.18173828125,-1.3139556050300598,-3.631157398223877,-0.04270986095070839,2100,0.2
4061.83,1411,0.0135616,307,212,434176,-0.022871970960113685,2.722676294020232e-06,0.0003,0.019281197,0.182666015625,-1.2823649182915688,-4.280263423919678,-0.04618918150663376,2110,0.2
4061.83,1411,0.0135616,308,213,436224,-0.022036546713206918,1.6671817605562468e-06,0.0003,0.019718654,0.183203125,-1.3118886962532996,-3.548919200897217,-0.04519013687968254,2120,0.2
4061.83,1411,0.0135616,310,214,438272,-0.021364017405721823,3.4442434557746537e-06,0.0003,0.021697149,0.1927734375,-1.2892056308686732,-4.193380355834961,-0.05071491375565529,2130,0.2
4051.72,1412,0.0135616,311,215,440320,-0.026507501797459553,5.1667598873095246e-06,0.0003,0.025617983,0.244189453125,-1.3098380103707314,-2.846536636352539,0.03234740346670151,2140,0.2
4051.72,1412,0.0135616,313,216,442368,-0.027509827827452683,2.8759443885917333e-06,0.0003,0.019237308,0.18671875,-1.2431308772414922,-3.8579859733581543,-0.059690963476896286,2150,0.2
4051.72,1412,0.0135616,314,217,444416,-0.018009720364352687,2.2339344319277645e-06,0.0003,0.017783683,0.145166015625,-1.3013626143336297,-2.2071173191070557,-0.021733717992901802,2160,0.2
4055.44,1412,0.0135616,316,218,446464,-0.026285042233939748,1.8723518827812314e-06,0.0003,0.020366242,0.210888671875,-1.2572579734027385,-0.5936757326126099,-0.03592289611697197,2170,0.2
4027.33,1412,0.011553599999999999,317,219,448512,-0.022659650330024306,5.15727001157984e-06,0.0003,0.01804262,0.196728515625,-1.3405920408666134,-2.9536843299865723,-0.019143052399158478,2180,0.2
3991.96,1412,0.011553599999999999,318,220,450560,-0.018171723121486138,1.1253614450623673e-05,0.0003,0.01684383,0.165576171875,-1.309362604469061,-1.1020162105560303,0.010326444171369076,2190,0.2
3991.96,1412,0.011553599999999999,320,221,452608,-0.02741201775497757,3.519021466402705e-06,0.0003,0.016400436,0.176416015625,-1.330800501257181,-1.238633394241333,-0.03488149493932724,2200,0.2
3991.96,1412,0.011553599999999999,321,222,454656,-0.01908326159173157,1.925953695014471e-06,0.0003,0.023540508,0.188720703125,-1.3408707663416863,-0.5709000825881958,-0.055450357496738434,2210,0.2
3991.09,1412,0.011553599999999999,323,223,456704,-0.018590601071628042,2.706426334775358e-06,0.0003,0.024913216,0.169873046875,-1.3006966855376958,-3.0755834579467773,-0.0037680957466363907,2220,0.2
3920.29,1412,0.0103844,324,224,458752,-0.013027835385582876,2.360845965476699e-06,0.0003,0.018206488,0.199609375,-1.3189664501696825,-2.4336397647857666,-0.047646619379520416,2230,0.2
3920.29,1412,0.0103844,326,225,460800,-0.019875145558035,4.022238532108702e-06,0.0003,0.02158218,0.176708984375,-1.2680761571973562,-1.2293455600738525,-0.01097357738763094,2240,0.2
3917.25,1412,0.0103844,327,226,462848,-0.023320656023133778,1.6583799911096264e-06,0.0003,0.019392116,0.185595703125,-1.2948029890656472,-2.60479474067688,-0.029355764389038086,2250,0.2
3917.25,1413,0.0103844,328,227,464896,-0.01992758038759348,4.317211506688068e-06,0.0003,0.021715706,0.19033203125,-1.2175674125552178,-0.931308388710022,-0.007886165753006935,2260,0.2
3947.24,1413,0.0103844,330,228,466944,-0.020519341094768606,2.41909321054834e-06,0.0003,0.0391425,0.260986328125,-1.3102296143770218,-1.3117172718048096,-0.003942794632166624,2270,0.2
3917.95,1413,0.0103844,331,229,468992,-0.024295720765076113,5.093656048238415e-06,0.0003,0.024083313,0.2154296875,-1.2207121569663286,0.03542214632034302,-0.055069420486688614,2280,0.2
3917.95,1413,0.0103844,333,230,471040,-0.016021789544902278,2.117614773755605e-06,0.0003,0.015063348,0.194677734375,-1.3149176575243473,-3.7849411964416504,-0.037431370466947556,2290,0.2
3917.95,1413,0.0103844,334,231,473088,-0.021056147053604944,2.0466234953886444e-06,0.0003,0.014425779,0.173193359375,-1.2625169709324837,-1.445091724395752,-0.05263763293623924,2300,0.2
3917.95,1413,0.0103844,336,232,475136,-0.013596484893059823,1.0658046896239171e-05,0.0003,0.01903285,0.185595703125,-1.1520062047988175,-1.706756353378296,-0.011980201117694378,2310,0.2
3917.95,1413,0.0103844,337,233,477184,-0.017455471092398513,3.2254266775666453e-06,0.0003,0.013295071,0.13330078125,-1.2340195503085851,-2.1762349605560303,-0.01955578476190567,2320,0.2
3963.28,1413,0.0103844,338,234,479232,-0.018728696208563635,7.561393196464649e-07,0.0003,0.01572362,0.163720703125,-1.2224183961749078,0.1158066987991333,0.0036070693749934435,2330,0.2
3963.28,1413,0.0103844,340,235,481280,-0.01665344211651245,4.524835666330773e-06,0.0003,0.02070057,0.144287109375,-1.083731716312468,-0.6454287767410278,-0.041180070489645004,2340,0.2
3958.86,1413,0.0103844,341,236,483328,-0.025106858435901814,1.4959258290048184e-05,0.0003,0.036767296,0.208642578125,-1.207032859697938,-0.4774808883666992,-0.0013460785849019885,2350,0.2
3958.86,1414,0.0103844,343,237,485376,-0.02624723401386291,3.0579225571258915e-06,0.0003,0.01843651,0.20341796875,-1.230470262095332,-0.5188907384872437,-0.03153502941131592,2360,0.2
3979.62,1414,0.0103844,344,238,487424,-0.018063249709666707,1.5267761760640043e-06,0.0003,0.01071021,0.101025390625,-1.101087553612888,-1.2670938968658447,-0.025706950575113297,2370,0.2
3979.62,1414,0.0103844,346,239,489472,-0.016970727736770642,1.7796707755035611e-06,0.0003,0.010139196,0.123876953125,-1.028248629719019,-3.6754150390625,-0.05457162484526634,2380,0.2
3979.62,1414,0.0103844,347,240,491520,-0.020203468860563588,2.7060638669418323e-06,0.0003,0.051029738,0.19765625,-0.9152018636465072,0.5811857581138611,0.011927426792681217,2390,0.2
3979.62,1414,0.0103844,348,241,493568,-0.02356656418123748,3.419505162227665e-06,0.0003,0.03259058,0.18212890625,-0.9752282684668898,-0.6821861267089844,-0.029316697269678116,2400,0.2
3979.62,1414,0.0103844,350,242,495616,-0.01503821915393928,1.2721185756703335e-05,0.0003,0.03597597,0.157861328125,-0.9257954919710756,0.4780137538909912,0.019154490903019905,2410,0.2
3979.62,1414,0.0103844,351,243,497664,-0.013321796026139055,2.308450485744018e-06,0.0003,0.021863092,0.121240234375,-0.7419392127543688,-0.36923468112945557,-0.04078079015016556,2420,0.2
3979.62,1414,0.0103844,353,244,499712,-0.01190322107358952,3.816796866207284e-06,0.0003,0.01434334,0.120458984375,-0.6687677841633558,0.5749865770339966,-0.007741688285022974,2430,0.2
3979.62,1414,0.0103844,354,245,501760,-0.024913605689653194,2.9503887558846032e-06,0.0003,0.024500988,0.19599609375,-0.7890929309651256,0.23042327165603638,-0.06220472604036331,2440,0.2
3996.8,1415,0.0103844,356,246,503808,-0.016592833380855154,1.199640588112061e-06,0.0003,0.017236607,0.15927734375,-0.8721930269151926,0.6483638286590576,-0.022216087207198143,2450,0.2
3996.8,1415,0.0103844,357,247,505856,-0.015469355873938185,5.91782542236352e-07,0.0003,0.005994086,0.082666015625,-0.5978114046156406,-1.3688735961914062,-0.02975616231560707,2460,0.2
3996.8,1415,0.0103844,358,248,507904,-0.015159554623824078,5.20977416740287e-07,0.0003,0.008024066,0.072900390625,-0.6844349613413214,-0.09758949279785156,-0.03549946844577789,2470,0.2
3996.8,1415,0.0103844,360,249,509952,-0.017201856589235832,5.525727977051531e-06,0.0003,0.015889764,0.12822265625,-0.8876129237934947,0.5270108580589294,-0.05670887604355812,2480,0.2
3996.8,1415,0.0103844,361,250,512000,-0.02248556448466843,8.378739961845127e-07,0.0003,0.01496572,0.113330078125,-0.7137665025889873,0.14636945724487305,-0.025754477828741074,2490,0.2
3996.8,1415,0.0103844,363,251,514048,-0.01426050942427537,2.2177380088139743e-06,0.0003,0.012997214,0.106005859375,-0.5830523445270955,-0.45259690284729004,-0.005823727697134018,2500,0.2
3979.64,1415,0.0103844,364,252,516096,-0.01778462662914535,1.2612359748587209e-06,0.0003,0.010538839,0.111767578125,-0.844050177000463,0.17569029331207275,-0.029082993045449257,2510,0.2
3979.64,1415,0.0103844,366,253,518144,-0.021332220490512553,1.4317639624383815e-05,0.0003,0.010936176,0.10908203125,-0.6682835277169943,-2.28852915763855,-0.013798380270600319,2520,0.2
3979.64,1415,0.0103844,367,254,520192,-0.015447211629361846,1.3946051804492043e-06,0.0003,0.011673363,0.109033203125,-0.810721087642014,-0.47570645809173584,-0.05425740033388138,2530,0.2
3983.65,1415,0.0103844,368,255,522240,-0.016268539823795437,1.263998647216269e-06,0.0003,0.027421994,0.166259765625,-0.886390658095479,-1.1613094806671143,-0.023176446557044983,2540,0.2
3983.65,1415,0.0103844,370,256,524288,-0.01214925367530668,1.4810232085438192e-07,0.0003,0.0063322056,0.051318359375,-0.7458599396049976,-5.266706943511963,-0.025983907282352448,2550,0.2
3983.65,1415,0.0103844,371,257,526336,-0.01394089813620667,4.72534104412059e-07,0.0003,0.009741019,0.07099609375,-0.6563659552484751,-2.2592670917510986,-0.023699209094047546,2560,0.2
3983.65,1415,0.0103844,373,258,528384,-0.022543997773027513,3.983529428097654e-06,0.0003,0.017834345,0.139990234375,-0.688316378928721,0.5551106929779053,-0.06693047285079956,2570,0.2
3983.65,1416,0.0103844,374,259,530432,-0.01008393281881581,6.697402538446973e-07,0.0003,0.004779011,0.057958984375,-0.7608501410111785,-0.3943901062011719,-0.02328573353588581,2580,0.2
3983.65,1416,0.0103844,376,260,532480,-0.018392767244949936,3.052271444659027e-06,0.0003,0.019372512,0.16103515625,-0.9956633685156703,0.5843229293823242,-0.008659263141453266,2590,0.2
3983.65,1416,0.0103844,377,261,534528,-0.013045471120858566,1.039638627764461e-06,0.0003,0.011588359,0.089306640625,-0.6423985055647791,0.6704166531562805,-0.010372858494520187,2600,0.2
3936.92,1416,0.0103844,378,262,536576,-0.009274832234950736,4.326602055626516e-07,0.0003,0.0039220564,0.041552734375,-0.5580713941715658,-1.372375726699829,-0.05345617234706879,2610,0.2
3936.92,1416,0.0103844,380,263,538624,-0.025619123881915583,3.412986692552522e-06,0.0003,0.02760566,0.1634765625,-0.9190778581425547,-2.460296630859375,-0.06327292323112488,2620,0.2
3936.92,1416,0.0103844,381,264,540672,-0.010870060963497963,5.964742195552209e-07,0.0003,0.012130065,0.08427734375,-0.45815224964171647,-0.07109808921813965,-0.0067479368299245834,2630,0.2
3936.92,1416,0.0103844,383,265,542720,-0.00916673475294374,4.792116749197106e-07,0.0003,0.0051316814,0.06572265625,-0.6558497754856945,-1.6016490459442139,-0.023516451939940453,2640,0.2
3936.92,1416,0.0103844,384,266,544768,-0.014066439724410884,6.041666022249537e-07,0.0003,0.006299924,0.06015625,-0.602845098823309,-1.8547098636627197,-0.019528469070792198,2650,0.2
3936.92,1416,0.0103844,386,267,546816,-0.008765921129452181,1.9787411821958754e-06,0.0003,0.009029446,0.076025390625,-0.6235128151252866,0.39670366048812866,0.006613388657569885,2660,0.2
3936.92,1416,0.0103844,387,268,548864,-0.014968190907529788,1.2049987971440857e-06,0.0003,0.006161441,0.07099609375,-0.6315570782870055,-4.479679107666016,0.04690728709101677,2670,0.2
3936.92,1416,0.0103844,388,269,550912,-0.01795798705643392,1.5420695087975389e-06,0.0003,0.0064634196,0.076416015625,-0.6602661402896046,-2.5760414600372314,-0.033009983599185944,2680,0.2
3936.92,1416,0.0103844,390,270,552960,-0.01747484988736687,1.6449226129644501e-06,0.0003,0.010168341,0.103369140625,-0.6086879616603256,-0.5040764808654785,0.011599560268223286,2690,0.2
3936.92,1416,0.0103844,391,271,555008,-0.01147652828003629,2.727473578600925e-07,0.0003,0.004875131,0.047998046875,-0.45743026547133925,-8.108482360839844,-0.028634950518608093,2700,0.2
3936.92,1416,0.0103844,393,272,557056,-0.010792866341216723,3.9788481125402343e-07,0.0003,0.004825284,0.0548828125,-0.5642032643780113,-2.1470322608947754,-0.040286436676979065,2710,0.2
3936.92,1416,0.0103844,394,273,559104,-0.009460156026034384,9.972275496322736e-06,0.0003,0.0050508888,0.053857421875,-0.5113421665504575,-1.4537265300750732,-0.03307525813579559,2720,0.2
3982.4,1416,0.0103844,396,274,561152,-0.015381392583367414,2.637183489717643e-06,0.0003,0.012651822,0.13232421875,-0.8219814985990525,-0.4632835388183594,-0.03588651865720749,2730,0.2
3982.4,1416,0.0103844,397,275,563200,-0.011220799185684882,2.2154265506557635e-06,0.0003,0.041090835,0.15263671875,-0.9587367676198483,0.5100261569023132,-0.030688278377056122,2740,0.2
3982.4,1416,0.0103844,398,276,565248,-0.015059659938560798,2.393154146851373e-06,0.0003,0.018391212,0.12255859375,-0.9335977990180254,-1.333383560180664,-0.028659285977482796,2750,0.2
4028.14,1417,0.0103844,400,277,567296,-0.015940699286875314,2.4571721573551917e-07,0.0003,0.00881826,0.10703125,-0.8809431999921798,-3.417818546295166,0.010927789844572544,2760,0.2
4028.14,1417,0.0103844,401,278,569344,-0.013571778559344239,2.1150382383539056e-07,0.0003,0.0035749013,0.06611328125,-0.7642452359199524,-10.390158653259277,-0.028100548312067986,2770,0.2
4065.75,1417,0.0103844,403,279,571392,-0.014489125103500556,2.2353495765792265e-07,0.0003,0.0040321895,0.0853515625,-0.8529867712408304,-2.2315218448638916,-0.025958597660064697,2780,0.2
4065.75,1417,0.0103844,404,280,573440,-0.015058874162787107,6.562824991895866e-07,0.0003,0.008134743,0.067919921875,-0.8950543079525233,-11.275155067443848,-0.029769739136099815,2790,0.2
4065.75,1417,0.0103844,406,281,575488,-0.012188039466855117,2.190732458556225e-06,0.0003,0.007536062,0.081201171875,-0.7730286747217179,-2.531165361404419,-0.021216697990894318,2800,0.2
4112.95,1417,0.0103844,407,282,577536,-0.005727567547000945,1.4582218817995804e-08,0.0003,0.0031164868,0.041357421875,-0.7852623470127582,-25.416610717773438,-0.006394846830517054,2810,0.2
4112.95,1417,0.0103844,408,283,579584,-0.013839434615510982,7.861479254778203e-06,0.0003,0.015692689,0.128759765625,-0.9572600990533828,-0.27207982540130615,-0.04816780611872673,2820,0.2
4112.95,1417,0.0103844,410,284,581632,-0.008731562988396035,9.176621624806813e-07,0.0003,0.04313351,0.1490234375,-0.8390170173719526,-0.7150979042053223,0.010252835229039192,2830,0.2
4112.95,1417,0.0103844,411,285,583680,-0.012170546017296146,9.100732778932751e-07,0.0003,0.021360604,0.10048828125,-0.8418616101145744,0.6488016843795776,-0.01760922744870186,2840,0.2
4112.95,1417,0.0103844,413,286,585728,-0.010587466014840174,1.8365169656003877e-07,0.0003,0.004379019,0.047998046875,-0.6272067790850997,-4.797408103942871,-0.015592934563755989,2850,0.2
4131.91,1417,0.0103844,414,287,587776,-0.01783046544114768,4.15967540623452e-07,0.0003,0.0029928042,0.047705078125,-0.6963207896798849,-1.686241865158081,-0.021117866039276123,2860,0.2
4131.91,1417,0.0103844,415,288,589824,-0.0179318887538102,2.1056703319644043e-06,0.0003,0.0058892677,0.074072265625,-0.7599338009953499,-1.3689074516296387,-0.029292557388544083,2870,0.2
4131.91,1417,0.0103844,417,289,591872,-0.013171052946563577,2.0294487598215838e-07,0.0003,0.00471782,0.05625,-0.7448681863024831,-1.215888500213623,-0.007124204654246569,2880,0.2
4131.91,1417,0.0103844,418,290,593920,-0.013030432445521,2.9389204712515495e-06,0.0003,0.014360102,0.11494140625,-0.9409747743979097,-3.314511775970459,-0.04350864514708519,2890,0.2
4112.25,1417,0.0103844,420,291,595968,-0.014957951140968363,1.6156237744091583e-06,0.0003,0.010712549,0.101953125,-0.8060911599546671,-1.1612920761108398,-0.04104333370923996,2900,0.2
4112.25,1418,0.0103844,421,292,598016,-0.004924270354240434,3.231510068069099e-06,0.0003,0.01456329,0.124658203125,-0.9824532750993967,-1.042893648147583,-0.030204256996512413,2910,0.2
4100.16,1418,0.0103844,423,293,600064,-0.017798551385567407,2.0096026666749365e-06,0.0003,0.010620382,0.122998046875,-0.9925439257174731,-1.2840337753295898,-0.0408153273165226,2920,0.2
4100.16,1418,0.0103844,424,294,602112,-0.023155727902485525,2.161243444565031e-06,0.0003,0.016009957,0.15927734375,-0.9481873758137226,-2.3766937255859375,-0.0486769862473011,2930,0.2
4100.16,1418,0.0103844,426,295,604160,-0.017267599556362256,2.3210747334689863e-07,0.0003,0.008664938,0.108984375,-0.890427371673286,-2.636958599090576,-0.04994459077715874,2940,0.2
4072.32,1418,0.0103844,427,296,606208,-0.016191525559406728,2.1294022647389e-06,0.0003,0.010554551,0.115771484375,-1.0173948645591735,-2.464991331100464,-0.04584624990820885,2950,0.2
3947.96,1418,0.0103844,428,297,608256,-0.022795565276464914,1.5975329676898298e-06,0.0003,0.016701512,0.19033203125,-1.1505911100655795,-1.370293140411377,-0.060936469584703445,2960,0.2
3947.96,1418,0.0103844,430,298,610304,-0.017110524452436948,1.4141133401146534e-06,0.0003,0.01425034,0.136865234375,-1.143062138557434,-2.0153262615203857,-0.014280024915933609,2970,0.2
3947.96,1418,0.0103844,431,299,612352,-0.02691292482195422,1.6908447380004077e-06,0.0003,0.017951239,0.179638671875,-1.187878921814263,-3.7112135887145996,-0.06119060143828392,2980,0.2
3988.39,1418,0.0103844,433,300,614400,-0.02264513601694489,1.4003262570838616e-06,0.0003,0.04741366,0.21279296875,-1.038671800494194,-0.6668763160705566,-0.019900191575288773,2990,0.2
3978.15,1418,0.0055216,434,301,616448,-0.02781521589058684,8.306390062440272e-07,0.0003,0.02158707,0.183935546875,-1.0899815946817397,-2.1154651641845703,-0.04559292271733284,3000,0.2
3946.26,1418,0.0055216,436,302,618496,-0.014612775050045457,2.3002562839380404e-06,0.0003,0.011869794,0.12578125,-1.1664404816925527,-1.4879157543182373,-0.013730626553297043,3010,0.2
3946.26,1418,0.0055216,437,303,620544,-0.01411013790529978,1.0908357034988825e-06,0.0003,0.013286097,0.1322265625,-1.1239147007465362,-4.939315319061279,-0.02042960375547409,3020,0.2
3946.26,1418,0.0055216,438,304,622592,-0.013840980410168412,9.2113551213302e-07,0.0003,0.015116179,0.110986328125,-1.114827747642994,-0.1577821969985962,-0.018890880048274994,3030,0.2
3946.26,1418,0.0055216,440,305,624640,-0.021723966637364357,1.6343306629806876e-06,0.0003,0.012606608,0.1208984375,-1.118549421429634,-3.85959529876709,0.05743967369198799,3040,0.2
3946.26,1418,0.0055216,441,306,626688,-0.014329807439935394,6.643805722816864e-06,0.0003,0.021104813,0.098974609375,-1.0361358052119614,-1.8179385662078857,-0.02557884156703949,3050,0.2
3946.26,1418,0.0055216,443,307,628736,-0.020397531680646352,2.786911492802524e-07,0.0003,0.015857175,0.13759765625,-1.1162268698215485,-0.4958850145339966,-0.05077219381928444,3060,0.2
3946.26,1418,0.0055216,444,308,630784,-0.020201901771361008,9.62527769265975e-07,0.0003,0.010593695,0.15244140625,-1.1493105858564376,-1.6496970653533936,-0.019685987383127213,3070,0.2
3946.26,1418,0.0055216,446,309,632832,-0.013514844414021353,7.197784884116487e-07,0.0003,0.012155918,0.103173828125,-1.053444063849747,-0.798162579536438,-0.022886181250214577,3080,0.2
3946.26,1418,0.0055216,447,310,634880,-0.020772274892078713,5.876242474389671e-07,0.0003,0.020112947,0.1634765625,-1.0332653630524873,-3.0316615104675293,-0.036991897970438004,3090,0.2
3950.95,1418,0.0055216,448,311,636928,-0.022299933815156693,2.0738130778741315e-07,0.0003,0.018467328,0.144384765625,-1.0442689461633563,-5.28090763092041,-0.023660972714424133,3100,0.2
3950.95,1418,0.0055216,450,312,638976,-0.01931507869521738,5.754194386309308e-07,0.0003,0.012756061,0.08828125,-1.0702564714476466,0.09201520681381226,-0.031802888959646225,3110,0.2
3950.95,1418,0.0055216,451,313,641024,-0.013156494943541475,2.410825039866893e-06,0.0003,0.013289138,0.16630859375,-1.2785561237484218,-0.5270572900772095,-0.042297396808862686,3120,0.2
3950.95,1418,0.0055216,453,314,643072,-0.024349236969283084,1.2428597079505722e-06,0.0003,0.01597111,0.19189453125,-1.2029025815427303,-1.9074180126190186,-0.018008368089795113,3130,0.2
3946.09,1418,0.0093944,454,315,645120,-0.023547108570346607,2.5792839917215815e-06,0.0003,0.017377827,0.125732421875,-1.304844568669796,-2.407132863998413,-0.015846017748117447,3140,0.2
3946.09,1418,0.0093944,456,316,647168,-0.015133077283098827,0.0005193337893217631,0.0003,0.014337629,0.176611328125,-1.194012823700905,0.007754921913146973,-0.018056508153676987,3150,0.2
3946.09,1418,0.0093944,457,317,649216,-0.025162257777992636,7.031463385374082e-05,0.0003,0.01597523,0.1564453125,-1.1274437937885522,-4.940857410430908,-0.03685925155878067,3160,0.2
3946.09,1418,0.0093944,458,318,651264,-0.02254540430585621,1.7952873469084808e-05,0.0003,0.016803088,0.163232421875,-1.1776941038668156,-0.8573917150497437,-0.03741898387670517,3170,0.2
3946.09,1419,0.0093944,460,319,653312,-0.029026632686145602,7.741335089761492e-06,0.0003,0.024695901,0.164892578125,-1.129577425122261,-1.218259334564209,-0.0701812282204628,3180,0.2
3946.09,1419,0.0093944,461,320,655360,-0.017583714969077846,2.358416408476671e-06,0.0003,0.020751197,0.21865234375,-1.191531653702259,-2.91550612449646,-0.03202265501022339,3190,0.2
3946.09,1419,0.0093944,463,321,657408,-0.016539577361254488,2.467596653410453e-06,0.0003,0.013546509,0.1390625,-1.2256068855524063,-2.4941511154174805,0.0010348752839490771,3200,0.2
3946.09,1419,0.0093944,464,322,659456,-0.017979898930934723,1.6310249932871557e-06,0.0003,0.0149847865,0.16455078125,-1.2798067200928926,-2.430414915084839,-0.030726537108421326,3210,0.2
3951.97,1419,0.018215400000000003,466,323,661504,-0.01647958351604757,9.459801876054996e-07,0.0003,0.02001392,0.1587890625,-1.295898077636957,-2.4176995754241943,-0.030079012736678123,3220,0.2
3951.97,1419,0.018215400000000003,467,324,663552,-0.010814573167590425,0.0018362358106969623,0.0003,0.021744143,0.216943359375,-1.2945461820811033,0.013276636600494385,-0.025779137387871742,3230,0.2
3951.97,1419,0.018215400000000003,469,325,665600,-0.020092158127226867,3.677538606723374e-05,0.0003,0.020533178,0.190625,-1.2757897712290287,-12.266861915588379,-0.06772919744253159,3240,0.2
3951.97,1419,0.018215400000000003,470,326,667648,-0.017104417392692993,1.4655863174084515e-05,0.0003,0.01886419,0.171826171875,-1.2536149598658084,-6.970663547515869,-0.028624366968870163,3250,0.2
3955.97,1419,0.0203098,471,327,669696,-0.019768432606360874,1.7099052847413532e-05,0.0003,0.016059406,0.1736328125,-1.3035463586449623,-20.852519989013672,0.021654104813933372,3260,0.2
3955.97,1419,0.0203098,473,328,671744,-0.015589659196848515,0.0003727824261090973,0.0003,0.013015298,0.1501953125,-1.2609611123800277,-1.5149950981140137,-0.024188542738556862,3270,0.2
3965.01,1419,0.0230972,474,329,673792,-0.024347254153690302,1.593741812087046e-05,0.0003,0.017522747,0.193017578125,-1.1913955707103014,-6.5605998039245605,-0.038219138979911804,3280,0.2
3965.01,1419,0.0230972,476,330,675840,-0.018393308275335585,0.00022460101881449646,0.0003,0.016893066,0.1484375,-1.2009085521101952,0.03654748201370239,-0.02473224513232708,3290,0.2
3965.01,1419,0.0230972,477,331,677888,-0.021883670464740136,2.2403067977450063e-05,0.0003,0.02085036,0.23974609375,-1.2768972583115101,-3.8413796424865723,-0.019753988832235336,3300,0.2
3919.1,1419,0.0230972,479,332,679936,-0.016956524621491553,3.6712809194483496e-06,0.0003,0.018654294,0.185498046875,-1.2880083356052636,-5.089287281036377,-0.01620384491980076,3310,0.2
3919.1,1419,0.0230972,480,333,681984,-0.021365087820595364,1.0793207318471331e-05,0.0003,0.017603561,0.18251953125,-1.2753868360072373,-13.33220386505127,-0.03164565563201904,3320,0.2
3919.1,1419,0.0230972,482,334,684032,-0.019645670866884755,6.334893551951382e-06,0.0003,0.017687324,0.172509765625,-1.238584429770708,-2.3074162006378174,-0.04030158370733261,3330,0.2
3919.1,1419,0.0230972,483,335,686080,-0.022488838234858123,4.785464018297602e-06,0.0003,0.019209791,0.1896484375,-1.2586920868605376,-5.909904956817627,-0.02305142767727375,3340,0.2
3919.1,1418,0.0230972,484,336,688128,-0.020646807237062602,2.21456819549104e-06,0.0003,0.027115338,0.203173828125,-1.2399746801704168,-5.155725479125977,-0.017883265390992165,3350,0.2
3963.14,1418,0.0230972,486,337,690176,-0.02243201409437461,1.3219580541345977e-06,0.0003,0.017981233,0.203759765625,-1.2862672373652457,-14.032689094543457,-0.04080561175942421,3360,0.2
3963.14,1418,0.0230972,487,338,692224,-0.02712402400065912,1.4019416476607205e-06,0.0003,0.017547745,0.2076171875,-1.295832120254636,-15.229812622070312,-0.05856987461447716,3370,0.2
3963.14,1418,0.0230972,489,339,694272,-0.02148650151793845,1.045929676912749e-06,0.0003,0.024504233,0.19814453125,-1.2444190040230751,-5.2795186042785645,-0.04455512389540672,3380,0.2
3963.14,1418,0.0230972,490,340,696320,-0.02158039017667761,1.5451055912052425e-06,0.0003,0.018396707,0.18388671875,-1.2166052438318729,-4.603964805603027,0.014343488030135632,3390,0.2
3963.14,1418,0.0230972,492,341,698368,-0.022981838883424643,3.603184305411844e-06,0.0003,0.020698365,0.20458984375,-1.2790570672601462,-11.100889205932617,-0.029588932171463966,3400,0.2
3989.54,1418,0.0230972,493,342,700416,-0.022898288475698792,2.0773438631493946e-06,0.0003,0.0239793,0.20673828125,-1.2039311558008194,-5.1168599128723145,-0.02406187914311886,3410,0.2
3989.54,1418,0.0230972,495,343,702464,-0.019054548614803934,9.424496522569824e-06,0.0003,0.016900035,0.213427734375,-1.2354547768831252,-5.778783321380615,-0.006247261073440313,3420,0.2
3989.54,1418,0.0230972,496,344,704512,-0.019690910531789996,1.4149446660560728e-06,0.0003,0.023645744,0.22470703125,-1.245604447647929,-8.605791091918945,-0.040300752967596054,3430,0.2
3989.54,1418,0.0230972,498,345,706560,-0.02613522500541876,1.1141266898384572e-06,0.0003,0.016231075,0.189599609375,-1.2317697040736675,-12.853727340698242,-0.05672624707221985,3440,0.2
3989.54,1418,0.0230972,499,346,708608,-0.015453925852489192,7.659071854515531e-07,0.0003,0.018770043,0.2150390625,-1.1742737509310246,-11.659517288208008,-0.05892166495323181,3450,0.2
3989.54,1418,0.0230972,501,347,710656,-0.02353541175252758,1.0027982819238446e-06,0.0003,0.023529712,0.215966796875,-1.214923209324479,-10.686318397521973,-0.022428255528211594,3460,0.2
3989.54,1418,0.0230972,502,348,712704,-0.013721879333024845,6.49224964011097e-07,0.0003,0.016507097,0.130126953125,-1.1842900820076465,-9.419126510620117,-0.0022097830660641193,3470,0.2
3989.54,1417,0.0230972,504,349,714752,-0.020295430460828358,6.166711072808084e-06,0.0003,0.02062469,0.207421875,-1.2488050688058139,-7.043963432312012,-0.035369034856557846,3480,0.2
4002.23,1417,0.0230972,505,350,716800,-0.023961665188835468,1.3875437229415867e-06,0.0003,0.020050453,0.195458984375,-1.2050745412707329,-16.156513214111328,-0.029584625735878944,3490,0.2
4002.23,1417,0.0230972,507,351,718848,-0.02858394614304416,1.2371797263099892e-06,0.0003,0.02687879,0.256396484375,-1.2326360497623683,-12.74572467803955,-0.043232765048742294,3500,0.2
4008.03,1417,0.0230972,508,352,720896,-0.021266260487027466,1.4655447322375892e-06,0.0003,0.025879322,0.205078125,-1.2361851423978805,-13.422922134399414,-0.04849965497851372,3510,0.2
4008.03,1417,0.0230972,510,353,722944,-0.023528141897986642,6.849193165514578e-07,0.0003,0.024069048,0.2236328125,-1.2008285269141197,-11.359994888305664,-0.05277609825134277,3520,0.2
4008.03,1417,0.0230972,511,354,724992,-0.024993026404990813,3.252715682133811e-06,0.0003,0.023415748,0.19052734375,-1.2000312119722367,-9.643848419189453,-0.0220964178442955,3530,0.2
4008.03,1417,0.0230972,513,355,727040,-0.023365119536174463,6.675457397076201e-07,0.0003,0.017743103,0.18759765625,-1.2453208718448878,-9.333288192749023,-0.06031997874379158,3540,0.2
4008.03,1416,0.0230972,514,356,729088,-0.02210307101486251,9.687179352013686e-07,0.0003,0.01847968,0.178759765625,-1.2843682263046503,-10.443670272827148,-0.018609357997775078,3550,0.2
4008.03,1416,0.0230972,516,357,731136,-0.024224910047632876,1.2387457423379545e-06,0.0003,0.022163905,0.19833984375,-1.3187016021460294,-3.849748134613037,-0.035293083637952805,3560,0.2
4008.03,1416,0.0230972,517,358,733184,-0.02733124977821717,8.771230365134386e-07,0.0003,0.023294874,0.232763671875,-1.2516146328300237,-4.733357906341553,-0.05700802057981491,3570,0.2
4008.03,1416,0.0230972,519,359,735232,-0.0167335600766819,1.1143534992541504e-06,0.0003,0.020326074,0.21923828125,-1.2384296406060458,-8.493922233581543,-0.0251298900693655,3580,0.2
4008.03,1416,0.0230972,520,360,737280,-0.017153454103390687,1.5670797727906916e-06,0.0003,0.01653859,0.1578125,-1.1695209864526988,-3.9229841232299805,-0.018615251407027245,3590,0.2
4008.03,1416,0.0230972,521,361,739328,-0.024106914609728847,7.030183255984923e-07,0.0003,0.019637689,0.20166015625,-1.2413240406662225,-7.180761337280273,-0.0284050814807415,3600,0.2
4008.03,1416,0.0230972,523,362,741376,-0.019338284715195185,6.945101591604441e-07,0.0003,0.01548073,0.135400390625,-1.2327434655278922,-8.434247970581055,-0.03175617754459381,3610,0.2
4008.03,1416,0.0230972,524,363,743424,-0.019030863340594804,4.841683132195129e-07,0.0003,0.026728857,0.181494140625,-1.2238074123859406,-19.187725067138672,-0.0381571501493454,3620,0.2
4057.4,1416,0.0230972,526,364,745472,-0.02206200603832258,4.93212524110831e-07,0.0003,0.027363557,0.21005859375,-1.2621831234544516,-8.160042762756348,-0.020871879532933235,3630,0.2
4057.4,1416,0.0230972,527,365,747520,-0.02268855754955439,4.615553740050515e-06,0.0003,0.021510955,0.202294921875,-1.2515492912381887,-11.475455284118652,-0.04974086210131645,3640,0.2
4057.4,1416,0.0230972,529,366,749568,-0.022899623795819935,1.597048739743201e-06,0.0003,0.027727805,0.2029296875,-1.2939630169421434,-8.570047378540039,-0.06627071648836136,3650,0.2
4057.4,1416,0.0230972,530,367,751616,-0.02057668518536957,4.4642059910948716e-07,0.0003,0.017402042,0.161181640625,-1.1864349145442248,-5.566572666168213,-0.04116934910416603,3660,0.2
4058.1,1416,0.022971199999999997,532,368,753664,-0.02536925418244209,6.657485259076168e-07,0.0003,0.02533456,0.2185546875,-1.19910584166646,-8.033859252929688,-0.02717132307589054,3670,0.2
4025.38,1416,0.0229712,533,369,755712,-0.013093403109814971,0.0011849738668729514,0.0003,0.020757634,0.197021484375,-1.1844812784343959,0.009714365005493164,3.773596836254001e-05,3680,0.2
4005.61,1416,0.0275298,535,370,757760,-0.02244637301628245,2.6703641002256972e-05,0.0003,0.023689214,0.181005859375,-1.247048919647932,-9.216602325439453,-0.031909942626953125,3690,0.2
4005.61,1416,0.0275298,536,371,759808,-0.014856848349154461,0.000666293811789842,0.0003,0.019540323,0.201025390625,-1.246917974948883,0.006453812122344971,-0.03472420945763588,3700,0.2
4005.61,1416,0.0275298,537,372,761856,-0.0222104468382895,5.603114898065087e-05,0.0003,0.025465118,0.238525390625,-1.2530739594250917,-4.058411598205566,-0.04156605526804924,3710,0.2
4005.61,1416,0.0275298,539,373,763904,-0.017221977400186005,4.874156834233645e-06,0.0003,0.021304391,0.19140625,-1.2079013004899024,-5.164866924285889,-0.018916333094239235,3720,0.2
4005.61,1416,0.0275298,540,374,765952,-0.023203582859423477,9.63948825116745e-06,0.0003,0.015257733,0.16787109375,-1.1996672842651606,-7.909945487976074,-0.025088800117373466,3730,0.2
4006.71,1416,0.0275298,542,375,768000,-0.02797543008055072,2.345572551831765e-06,0.0003,0.021748524,0.229638671875,-1.2139484122395516,-5.456369400024414,-0.04478812590241432,3740,0.2
4006.71,1416,0.0275298,543,376,770048,-0.0193955900875153,1.930841620456647e-06,0.0003,0.022524888,0.194287109375,-1.2462593860924245,-6.661798477172852,-0.03421887382864952,3750,0.2
4006.71,1416,0.0275298,545,377,772096,-0.027341758011607452,2.0859406777873348e-06,0.0003,0.018471632,0.19033203125,-1.208600453287363,-7.0842132568359375,-0.018412575125694275,3760,0.2
4006.71,1416,0.0275298,546,378,774144,-0.022813815215340583,1.791907416404115e-06,0.0003,0.023913383,0.2107421875,-1.219959617033601,-7.396699905395508,-0.03957859426736832,3770,0.2
4006.71,1416,0.0275298,548,379,776192,-0.024070243458845654,1.0696660181608309e-06,0.0003,0.023425344,0.210791015625,-1.1996401872485876,-5.609624862670898,-0.047537487000226974,3780,0.2
4006.71,1416,0.0275298,549,380,778240,-0.029360860693850556,8.486613491953676e-07,0.0003,0.02556389,0.243310546875,-1.167404007911682,-10.692070007324219,-0.059862520545721054,3790,0.2
4006.71,1416,0.0275298,551,381,780288,-0.01865355316986097,9.721734054224384e-07,0.0003,0.017535577,0.192822265625,-1.1931645840406417,-11.245882034301758,-0.036331191658973694,3800,0.2
3985.48,1416,0.0275298,552,382,782336,-0.021242282968159998,3.691196472033198e-07,0.0003,0.023996804,0.217822265625,-1.181809089332819,-17.28133773803711,-0.03587280586361885,3810,0.2
3985.48,1416,0.0275298,553,383,784384,-0.01975074320071144,9.023673209540562e-07,0.0003,0.016393663,0.14853515625,-1.1956272821873426,-6.9015655517578125,-0.01702142506837845,3820,0.2
4002.3,1416,0.0275298,555,384,786432,-0.015192714717704803,5.063570231556014e-07,0.0003,0.020802151,0.19541015625,-1.239446859061718,-7.640901565551758,-0.020919494330883026,3830,0.2
4002.3,1416,0.0275298,556,385,788480,-0.017803815266961464,6.794373613061566e-07,0.0003,0.017602405,0.16708984375,-1.1725050389766694,-9.677022933959961,0.04376981779932976,3840,0.2
4002.3,1416,0.0275298,558,386,790528,-0.02701535177475307,2.206281070371574e-06,0.0003,0.03274564,0.26298828125,-1.2760549865663051,-6.046611785888672,-0.02287975512444973,3850,0.2
3955.43,1416,0.0275298,559,387,792576,-0.023413402632286306,6.908529887272863e-07,0.0003,0.024085412,0.24716796875,-1.2575934614986182,-4.920498371124268,-0.0531863234937191,3860,0.2
3955.43,1416,0.0275298,561,388,794624,-0.020293948416656347,1.1946269717899582e-06,0.0003,0.021440355,0.198291015625,-1.2554259978234767,-9.711954116821289,-0.05868811160326004,3870,0.2
3955.43,1415,0.0275298,562,389,796672,-0.014982529655389954,5.809294399972131e-07,0.0003,0.020617355,0.1603515625,-1.3306696839630603,-8.310572624206543,-0.029617376625537872,3880,0.2
3955.43,1415,0.0275298,564,390,798720,-0.02724567329569254,7.122837984097074e-07,0.0003,0.021055017,0.216650390625,-1.2783155653625726,-9.574034690856934,-0.03145432472229004,3890,0.2
3948.85,1415,0.0275298,565,391,800768,-0.0238546364067588,1.0869728222395735e-06,0.0003,0.016567683,0.15546875,-1.3084653031080962,-7.405549049377441,-0.02454097755253315,3900,0.2
3919.5,1415,0.0275298,566,392,802816,-0.01900877997977659,1.0921252137752191e-06,0.0003,0.03316998,0.17265625,-1.2625243850052357,-11.113584518432617,-0.07581382989883423,3910,0.2
3919.5,1415,0.0275298,568,393,804864,-0.027302840890479275,1.0988273618117716e-06,0.0003,0.02126649,0.203173828125,-1.3637639917433262,-4.37706184387207,-0.04657542705535889,3920,0.2
3919.5,1415,0.0275298,569,394,806912,-0.023042610569973476,1.1590846140663302e-06,0.0003,0.029212493,0.23271484375,-1.2995597429573535,-1.6309354305267334,-0.0007049041450954974,3930,0.2
3884.64,1415,0.0275298,571,395,808960,-0.02104087568150135,5.708004413129686e-07,0.0003,0.021866513,0.17802734375,-1.2832979358732701,-4.540770053863525,-0.05726815015077591,3940,0.2
3863.98,1415,0.0275298,572,396,811008,-0.029798693782504417,2.6766425786917125e-06,0.0003,0.026790695,0.21708984375,-1.298925631120801,-5.319119930267334,-0.042264435440301895,3950,0.2
3863.98,1415,0.0275298,574,397,813056,-0.027377724669349845,1.4824414168224108e-06,0.0003,0.03575947,0.21181640625,-1.3306899782270194,-4.01731538772583,-0.06360065191984177,3960,0.2
3862.13,1415,0.035544400000000004,575,398,815104,-0.02649483835848514,7.134409952591625e-07,0.0003,0.02024417,0.182470703125,-1.3205604441463947,-5.4960808753967285,-0.02108299545943737,3970,0.2
3862.13,1415,0.035544400000000004,577,399,817152,-0.015815472736721858,0.00121904371784467,0.0003,0.022334646,0.189208984375,-1.2929825909435748,0.03605693578720093,-0.05386316776275635,3980,0.2
3862.13,1415,0.035544400000000004,578,400,819200,-0.023372403654502705,3.281825553926865e-05,0.0003,0.022764571,0.215673828125,-1.2691959761083127,-1.3503680229187012,-0.053696729242801666,3990,0.2
3890.15,1415,0.035544400000000004,580,401,821248,-0.010750955538242124,1.1197382517025289e-05,0.0003,0.019104648,0.1919921875,-1.3346213862299918,-7.200376510620117,-0.058967072516679764,4000,0.2
3890.15,1415,0.035544400000000004,581,402,823296,-0.022750890176394024,6.5693060825822155e-06,0.0003,0.019791808,0.20390625,-1.299302903562784,-6.295018196105957,-0.03741002827882767,4010,0.2
3890.15,1415,0.035544400000000004,582,403,825344,-0.024478860897943377,4.762887544984551e-06,0.0003,0.022061713,0.186279296875,-1.2803454369306564,-7.330522537231445,-0.021464329212903976,4020,0.2
3890.15,1415,0.035544400000000004,584,404,827392,-0.0175518606461992,1.3262347669495967e-05,0.0003,0.022964343,0.18212890625,-1.2523759435862303,-8.694729804992676,-0.023763343691825867,4030,0.2
3890.15,1415,0.035544400000000004,585,405,829440,-0.023368491351720876,4.7761669527801585e-06,0.0003,0.02185606,0.20126953125,-1.3070519417524338,-9.981050491333008,-0.05819275230169296,4040,0.2
3868.83,1415,0.035544400000000004,587,406,831488,-0.020128476212266832,2.6593754704151707e-06,0.0003,0.023591077,0.200537109375,-1.2711081981658936,-2.970128297805786,-0.047684445977211,4050,0.2
3855.45,1415,0.035544400000000004,588,407,833536,-0.023094581961049698,4.459779546195364e-06,0.0003,0.02078873,0.18212890625,-1.3176063798367976,-6.587933540344238,-0.07028257101774216,4060,0.2
3859.83,1415,0.0355444,590,408,835584,-0.020406715491844807,1.3498555600932605e-05,0.0003,0.025966333,0.21708984375,-1.2268755707889796,-3.8230090141296387,-0.03918437287211418,4070,0.2
3859.83,1415,0.0355444,591,409,837632,-0.02262863763025962,1.9641316994878365e-05,0.0003,0.018744813,0.18798828125,-1.24325305595994,-9.585715293884277,-0.04609178006649017,4080,0.2
3840.68,1415,0.040974199999999995,593,410,839680,-0.017504462057695493,1.6893448565014067e-05,0.0003,0.020400867,0.18349609375,-1.2147822123020888,-13.253360748291016,-0.02317298948764801,4090,0.2
3840.68,1415,0.040974199999999995,594,411,841728,-0.015614168903266546,0.0008683961118549632,0.0003,0.023078404,0.21005859375,-1.2077723521739245,-0.07004010677337646,-0.020372189581394196,4100,0.2
3840.68,1415,0.040974199999999995,595,412,843776,-0.026030957169132306,7.611318357021446e-05,0.0003,0.034927256,0.238525390625,-1.2172314800322055,-0.9820276498794556,-0.06119038537144661,4110,0.2
3870.07,1415,0.040974199999999995,597,413,845824,-0.022840141972119456,9.041102870810391e-06,0.0003,0.019285887,0.22021484375,-1.2338764548301697,-7.274165153503418,-0.002745692152529955,4120,0.2
3880.57,1415,0.040974199999999995,598,414,847872,-0.02558532858529361,1.3332659285936188e-05,0.0003,0.025818167,0.19765625,-1.1587112998589872,-4.008052825927734,-0.04963818937540054,4130,0.2
3816.3,1415,0.040974199999999995,600,415,849920,-0.025441517219587696,5.352396891566969e-06,0.0003,0.019677501,0.19765625,-1.2098005805164576,-6.2027506828308105,-0.032736677676439285,4140,0.2
3782.77,1415,0.040974199999999995,601,416,851968,-0.025822002728818915,4.996454031669373e-06,0.0003,0.026045915,0.214208984375,-1.2284107066690921,-6.506460666656494,-0.03539247438311577,4150,0.2
3714.15,1415,0.0409742,603,417,854016,-0.027653120783361372,4.187146474876613e-06,0.0003,0.023128942,0.212158203125,-1.2133125621825456,-5.2489848136901855,-0.05804302915930748,4160,0.2
3714.15,1415,0.0409742,604,418,856064,-0.01832844554883195,2.371739112838611e-06,0.0003,0.018456277,0.173876953125,-1.2049835935235023,-6.418390274047852,-0.032685860991477966,4170,0.2
3714.15,1415,0.0409742,606,419,858112,-0.026139538316056133,1.1958812953238862e-06,0.0003,0.023574207,0.226513671875,-1.1834793951362372,-8.390722274780273,-0.05224984884262085,4180,0.2
3714.15,1415,0.040974199999999995,607,420,860160,-0.02353710841416614,1.8794661169607707e-06,0.0003,0.024420682,0.227685546875,-1.2186741445213556,-3.3380980491638184,-0.016177818179130554,4190,0.2
3714.15,1415,0.040974199999999995,608,421,862208,-0.026497739169280977,1.2330292879170202e-06,0.0003,0.024537653,0.194189453125,-1.1714170530438424,-6.615727424621582,-0.04388749971985817,4200,0.2
3714.15,1415,0.040974199999999995,610,422,864256,-0.018587080751603934,1.3905679253412017e-06,0.0003,0.01904349,0.169775390625,-1.2259672973304987,-7.217156410217285,-0.06564079225063324,4210,0.2
3714.15,1415,0.040974199999999995,611,423,866304,-0.02700617854425218,1.0962774680045583e-06,0.0003,0.023943845,0.23583984375,-1.215011042356491,-7.0797529220581055,-0.03241676837205887,4220,0.2
3714.15,1415,0.040974199999999995,613,424,868352,-0.021735121542587877,1.508470140265672e-06,0.0003,0.026475046,0.223388671875,-1.252612393349409,-4.782953262329102,-0.039164964109659195,4230,0.2
3670.81,1415,0.0409742,614,425,870400,-0.023829377087531613,1.31673904899543e-06,0.0003,0.021035243,0.2048828125,-1.228072389215231,-8.113186836242676,-0.007089897990226746,4240,0.2
3670.81,1415,0.0409742,616,426,872448,-0.026303679833654316,1.7632725956673312e-06,0.0003,0.02500273,0.189208984375,-1.2427526947110892,-9.846092224121094,-0.02443506196141243,4250,0.2
3670.81,1415,0.040974199999999995,617,427,874496,-0.02953321161112399,3.002774776161843e-07,0.0003,0.027627084,0.218994140625,-1.2167545463889837,-9.54188346862793,-0.04192601144313812,4260,0.2
3670.81,1415,0.040974199999999995,619,428,876544,-0.02869706672790926,1.8765251731167608e-06,0.0003,0.026011456,0.199951171875,-1.2634915430098772,-7.288238525390625,-0.03956427797675133,4270,0.2
3670.81,1415,0.040974199999999995,620,429,878592,-0.020014493285270874,2.0009412915023004e-06,0.0003,0.0184922,0.216796875,-1.2507757790386678,-4.3916425704956055,-0.06255830079317093,4280,0.2
3670.81,1415,0.040974199999999995,621,430,880640,-0.01652346908012987,8.827526390753349e-07,0.0003,0.023669805,0.188134765625,-1.2711140356957913,-5.2950520515441895,-0.02368490770459175,4290,0.2
3610.75,1415,0.0409742,623,431,882688,-0.02435986308992142,7.688426160612493e-07,0.0003,0.021585118,0.203076171875,-1.2344136606901883,-12.96278190612793,-0.012792375870049,4300,0.2
3480.59,1415,0.0409742,624,432,884736,-0.025206068593251984,1.9239437683893356e-06,0.0003,0.021558411,0.2095703125,-1.2274606212973596,-7.07211971282959,-0.045159514993429184,4310,0.2
3454.33,1415,0.040974199999999995,626,433,886784,-0.02174959771655267,1.03231321384456e-06,0.0003,0.018774347,0.195654296875,-1.2297539360821248,-9.008880615234375,-0.05231991037726402,4320,0.2
3371.65,1415,0.0409742,627,434,888832,-0.02321717738013831,9.774976655219092e-07,0.0003,0.022033982,0.201123046875,-1.2420430913567544,-8.971315383911133,-0.023958023637533188,4330,0.2
3371.65,1415,0.0409742,629,435,890880,-0.0258557165710954,1.2524541363134745e-06,0.0003,0.03469576,0.222607421875,-1.268135315924883,-3.844059944152832,-0.05560623109340668,4340,0.2
3371.65,1415,0.0409742,630,436,892928,-0.01903022868282278,8.880966640756327e-07,0.0003,0.020250749,0.225244140625,-1.2557054087519646,-5.619659423828125,-0.0379895381629467,4350,0.2
3289.54,1415,0.040974199999999995,632,437,894976,-0.01391269198647933,8.950171989319244e-07,0.0003,0.04039106,0.22861328125,-1.297261181846261,-5.5931596755981445,-0.06629125773906708,4360,0.2
3155.53,1415,0.040974199999999995,633,438,897024,-0.02272316409944324,9.470188800930757e-07,0.0003,0.028529326,0.216796875,-1.230119539424777,-2.3595409393310547,-0.03287849202752113,4370,0.2
3034.41,1416,0.040974199999999995,634,439,899072,-0.02506606598799408,2.7999737917561164e-06,0.0003,0.028997142,0.22392578125,-1.285979962721467,-5.037938117980957,-0.01862674579024315,4380,0.2
3006.17,1416,0.040974199999999995,636,440,901120,-0.02381870900571812,6.491077976011894e-07,0.0003,0.020167248,0.186181640625,-1.2895135045051576,-3.043137550354004,-0.03452780097723007,4390,0.2
3006.17,1416,0.040974199999999995,637,441,903168,-0.020218654059863183,2.4075841924542375e-07,0.0003,0.021232683,0.181494140625,-1.3251923479139804,-6.8669352531433105,-0.030550755560398102,4400,0.2
2971.15,1416,0.040974199999999995,639,442,905216,-0.025947683269623666,6.812477118867122e-07,0.0003,0.021088926,0.18271484375,-1.253397360444069,-2.91792893409729,-0.020431753247976303,4410,0.2
2982.53,1416,0.0409742,640,443,907264,-0.018749194133124546,3.6014565125475072e-06,0.0003,0.03211018,0.227783203125,-1.25047762170434,-5.940662860870361,-0.05097760632634163,4420,0.2
2932.79,1416,0.040974199999999995,642,444,909312,-0.02556819557212293,7.644674561824161e-07,0.0003,0.020532338,0.186767578125,-1.2016167402267457,-7.941834449768066,-0.04607746750116348,4430,0.2
2890.96,1416,0.0409742,643,445,911360,-0.026425760515849106,3.6598745976057503e-07,0.0003,0.06700542,0.312744140625,-1.209228638932109,-2.33029842376709,-0.07562258839607239,4440,0.2
2890.96,1416,0.0409742,645,446,913408,-0.028981496105552652,3.3589833932090584e-07,0.0003,0.022673022,0.201220703125,-1.1884739115834235,-6.458130836486816,-0.04410608857870102,4450,0.2
2877.13,1416,0.0409742,646,447,915456,-0.01755857178213773,3.8536708366621044e-07,0.0003,0.038551114,0.16279296875,-1.2368628207594157,-4.487433910369873,-0.07240433245897293,4460,0.2
2839.25,1416,0.040974199999999995,647,448,917504,-0.02398481631244067,3.8081954194524316e-07,0.0003,0.020572148,0.183740234375,-1.3010559223592282,-6.984291076660156,-0.025391528382897377,4470,0.2
2826.33,1416,0.040974199999999995,649,449,919552,-0.02799506429437315,1.9314518898028156e-06,0.0003,0.037664656,0.222802734375,-1.0909611066803335,-5.919815540313721,-0.05392881855368614,4480,0.2
2766.4,1416,0.0371014,650,450,921600,-0.017818658000032885,1.4271775377494577e-06,0.0003,0.016274922,0.17177734375,-1.2694170884788036,-3.8872766494750977,-0.05027430132031441,4490,0.2
2766.4,1416,0.0371014,652,451,923648,-0.02898375737859169,1.5705290985046361e-06,0.0003,0.032612566,0.2541015625,-1.2163774508982896,-2.3560831546783447,-0.07141976058483124,4500,0.2
2766.4,1416,0.0371014,653,452,925696,-0.015402693940268363,8.077845494725012e-08,0.0003,0.01839155,0.217578125,-1.1951816275715827,-1.8384325504302979,-0.05066855251789093,4510,0.2
2766.4,1416,0.0371014,655,453,927744,-0.02694816304865526,2.3620739766805345e-06,0.0003,0.02479242,0.219873046875,-1.1453619316220283,-7.52394962310791,-0.04456295818090439,4520,0.2
2684.68,1416,0.028280399999999997,656,454,929792,-0.019303465936536666,3.839201637045875e-07,0.0003,0.018523822,0.17080078125,-1.2063658948987723,-4.0714850425720215,-0.016154492273926735,4530,0.2
2684.68,1416,0.028280399999999997,657,455,931840,-0.02311736597766867,4.006558508518054e-07,0.0003,0.023195669,0.196533203125,-1.2406092442572116,-3.8695755004882812,-0.039918385446071625,4540,0.2
2640.42,1416,0.026185999999999997,659,456,933888,-0.01893974983249791,4.965225580244593e-07,0.0003,0.023766473,0.223095703125,-1.1654567774385214,-3.277489185333252,-0.051062364131212234,4550,0.2
2640.42,1416,0.026185999999999997,660,457,935936,-0.02250895330507774,8.494031741079766e-07,0.0003,0.020706706,0.180029296875,-1.1208218852058054,-1.3927781581878662,-0.04041481763124466,4560,0.2
2640.42,1416,0.026185999999999997,662,458,937984,-0.020887128805043176,7.030737862567805e-07,0.0003,0.0226411,0.18984375,-1.1740607101470233,-0.9163531064987183,-0.06352757662534714,4570,0.2
2598.44,1416,0.0249386,663,459,940032,-0.022556464716035406,1.4652288802707858e-06,0.0003,0.033626094,0.200732421875,-1.2547782447189093,-3.532954692840576,-0.02872166410088539,4580,0.2
2598.44,1416,0.0249386,665,460,942080,-0.01247207240521675,9.729898214665411e-05,0.0003,0.026977057,0.209765625,-1.200452746078372,0.020562052726745605,-0.007006180472671986,4590,0.2
2582.66,1416,0.028779,666,461,944128,-0.030488637581584044,6.7783288905332025e-06,0.0003,0.027907237,0.216552734375,-1.1605892516672611,-3.895721912384033,-0.06315796822309494,4600,0.2
2582.66,1416,0.028779,668,462,946176,-0.018192957344581373,0.0005526630805690047,0.0003,0.028185448,0.231640625,-1.1855648636817933,-0.012977004051208496,-0.03352174162864685,4610,0.2
2536.92,1416,0.028779,669,463,948224,-0.020781840034760534,5.932988100880721e-05,0.0003,0.020289248,0.1908203125,-1.3114292506128549,-1.4018638134002686,-0.05092296376824379,4620,0.2
2536.92,1416,0.028779,670,464,950272,-0.03066533261735458,1.7469356410515503e-05,0.0003,0.0351473,0.27490234375,-1.2327450346201658,-2.444019317626953,-0.062400441616773605,4630,0.2
2536.92,1416,0.028779,672,465,952320,-0.031189989420818166,5.027874977159285e-06,0.0003,0.0324573,0.210546875,-1.271070870012045,-2.441363573074341,-0.04203727841377258,4640,0.2
2536.92,1416,0.028779,673,466,954368,-0.030835393859888427,1.7337210058698815e-06,0.0003,0.024207465,0.272705078125,-1.1962652884423732,-2.1208012104034424,-0.042704157531261444,4650,0.2
2536.92,1416,0.028779,675,467,956416,-0.02500035046978155,1.07388049546131e-06,0.0003,0.024284486,0.188232421875,-1.2456958841532468,-2.7938392162323,-0.016558228060603142,4660,0.2
2575.77,1416,0.028779000000000002,676,468,958464,-0.027110001215623923,4.289519893063698e-07,0.0003,0.019425247,0.174267578125,-1.16294022500515,-1.607858419418335,-0.05264478921890259,4670,0.2
2575.77,1416,0.028779000000000002,678,469,960512,-0.023269354244985153,3.5496779908772426e-07,0.0003,0.021811757,0.20048828125,-1.147593541070819,-2.1983590126037598,-0.009702990762889385,4680,0.2
2575.77,1416,0.028779000000000002,679,470,962560,-0.01506529446633067,3.885246416146515e-07,0.0003,0.018311996,0.151123046875,-1.1146106913685798,-3.4723124504089355,-0.03996286168694496,4690,0.2
2575.77,1416,0.028779,680,471,964608,-0.02066221799032064,2.3933670467712886e-07,0.0003,0.022523489,0.11953125,-1.1193667387589812,-3.0534167289733887,-0.06842102110385895,4700,0.2
2575.77,1416,0.028779,682,472,966656,-0.019723641224845778,2.993778282611714e-07,0.0003,0.023446996,0.164013671875,-1.1030162597075104,-4.746570587158203,0.04467857629060745,4710,0.2
2575.77,1416,0.028779,683,473,968704,-0.019498922389175277,3.62958565136573e-07,0.0003,0.025287002,0.148486328125,-1.1605837740004064,-5.029638290405273,0.0030295327305793762,4720,0.2
2575.77,1416,0.028779,685,474,970752,-0.019537418245454317,3.651198193788119e-07,0.0003,0.0122514935,0.119921875,-1.1677595030516386,-4.0439839363098145,-0.008024889975786209,4730,0.2
2575.77,1416,0.028779,686,475,972800,-0.022140472335740922,3.0814002847101565e-07,0.0003,0.025476214,0.181591796875,-1.166374060884118,-5.531742095947266,0.022121133282780647,4740,0.2
2575.77,1416,0.028779,688,476,974848,-0.018460366668296046,6.385599521152585e-07,0.0003,0.020344099,0.19169921875,-1.1814318273216486,-10.616621971130371,-0.033763766288757324,4750,0.2
2575.77,1416,0.028779,689,477,976896,-0.028359473767341114,1.048026487548981e-06,0.0003,0.024071518,0.220703125,-1.2255917619913816,-1.6373975276947021,-0.03368255868554115,4760,0.2
2575.77,1416,0.028779000000000002,691,478,978944,-0.019908315388602205,6.853537668938258e-07,0.0003,0.017427512,0.19345703125,-1.225580182671547,-7.987680435180664,0.009892161004245281,4770,0.2
2575.77,1416,0.028779000000000002,692,479,980992,-0.01600910048437072,6.705025839659485e-07,0.0003,0.022095168,0.177734375,-1.2437319677323102,-3.939448356628418,0.012716821394860744,4780,0.2
2575.77,1416,0.028779,694,480,983040,-0.021534111726214177,3.2386920427729394e-07,0.0003,0.02736039,0.225439453125,-1.235479587689042,-4.573541164398193,0.014925212599337101,4790,0.2
2575.77,1416,0.028779,695,481,985088,-0.019996814327168978,1.353294795780613e-06,0.0003,0.022650082,0.155224609375,-1.206254430860281,-4.635575771331787,-0.036621954292058945,4800,0.2
2575.77,1416,0.028779,696,482,987136,-0.022977944227750412,7.096784919280453e-07,0.0003,0.018915266,0.202490234375,-1.2092232387512922,-2.260363817214966,-0.06646142899990082,4810,0.2
2575.77,1416,0.028779,698,483,989184,-0.015127478904469171,1.2603084401430208e-06,0.0003,0.017876655,0.165283203125,-1.2420467916876077,-4.190299987792969,-0.019191930070519447,4820,0.2
2575.77,1416,0.028779,699,484,991232,-0.025899599178228528,1.1760817579364869e-06,0.0003,0.020872261,0.230615234375,-1.2216135267168284,-3.077932834625244,-0.05905097723007202,4830,0.2
2575.77,1416,0.028779,701,485,993280,-0.027322157665912526,3.335636341805781e-07,0.0003,0.025039636,0.22431640625,-1.2569521974772215,-2.030672788619995,-0.00019733712542802095,4840,0.2
2575.77,1416,0.028779,702,486,995328,-0.029950658562302123,2.458623776657731e-06,0.0003,0.02386412,0.25419921875,-1.1957239236682653,-4.06841516494751,-0.020289408043026924,4850,0.2
2575.77,1416,0.028779,704,487,997376,-0.01497715325531317,1.3042403324559081e-07,0.0003,0.012919384,0.115234375,-1.1881676666438579,-6.887508869171143,-0.02728925831615925,4860,0.2
2575.77,1416,0.028779000000000002,705,488,999424,-0.022117176474421286,1.473769515802914e-06,0.0003,0.025179671,0.177392578125,-1.21271435841918,-9.603058815002441,-0.0074394079856574535,4870,0.2
2575.77,1416,0.028779000000000002,706,489,1001472,-0.017534162662923337,2.75225540180557e-07,0.0003,0.02217687,0.216015625,-1.1918698366731406,-2.4228174686431885,-0.027190890163183212,4880,0.2
